people_name,anime_main_title
Takahiro & Tetsuya Tashiro,Blue Period
Takahiro & Tetsuya Tashiro,Noblesse
Takahiro & Tetsuya Tashiro,Psycho-Pass
Takahiro & Tetsuya Tashiro,My Next Life as a Villainess
Takahiro & Tetsuya Tashiro,Charlotte
Takahiro & Tetsuya Tashiro,Overlord
Takahiro & Tetsuya Tashiro,Fullmetal Alchemist
Takahiro & Tetsuya Tashiro,Log Horizon
Takahiro & Tetsuya Tashiro,Parasyte: The Maxim
Takahiro & Tetsuya Tashiro,Witch Hunter Robin
Takahiro & Tetsuya Tashiro,Combatants Will Be Dispatched!
Takahiro & Tetsuya Tashiro,Arte
Takahiro & Tetsuya Tashiro,Baccano!
Takahiro & Tetsuya Tashiro,How a Realist Hero Rebuilt the Kingdom
Takahiro & Tetsuya Tashiro,Horou Musuko
Takahiro & Tetsuya Tashiro,Cowboy Bebop
Takahiro & Tetsuya Tashiro,Nagatoro
Takahiro & Tetsuya Tashiro,Children of the Sea
Takahiro & Tetsuya Tashiro,Arifureta
Takahiro & Tetsuya Tashiro,Nisekoi
Takahiro & Tetsuya Tashiro,Golden Kamuy
Takahiro & Tetsuya Tashiro,Parasyte
Takahiro & Tetsuya Tashiro,Hinamatsuri
Takahiro & Tetsuya Tashiro,The God of High School
Takahiro & Tetsuya Tashiro,Quintessential Quintuplets
Takahiro & Tetsuya Tashiro,The Disastrous Life of Saiki K.
Takahiro & Tetsuya Tashiro,Erased
FLIPFLOPs,Monogatari Series
FLIPFLOPs,Neon Genesis Evangelion
FLIPFLOPs,Megalobox
FLIPFLOPs,Keep Your Hands Off Eizouken!
FLIPFLOPs,Berserk
FLIPFLOPs,Rising of the Shield Hero
FLIPFLOPs,Fullmetal Alchemist
FLIPFLOPs,Parasyte: The Maxim
FLIPFLOPs,Banana Fish
FLIPFLOPs,How a Realist Hero Rebuilt the Kingdom
FLIPFLOPs,Horou Musuko
FLIPFLOPs,Cowboy Bebop
FLIPFLOPs,Sword Art Online Alternative: Gun Gale Online
FLIPFLOPs,Arifureta
FLIPFLOPs,Hinamatsuri
FLIPFLOPs,Fruits Basket
FLIPFLOPs,Promised Neverland
FLIPFLOPs,Made in Abyss
FLIPFLOPs,Kaguya-sama: Love is War
FLIPFLOPs,Vinland Saga
FLIPFLOPs,Domestic Girlfriend
Ayumu Murase,Horimiya
Ayumu Murase,Noblesse
Ayumu Murase,Dorohedoro
Ayumu Murase,Psycho-Pass
Ayumu Murase,Megalobox
Ayumu Murase,My Next Life as a Villainess
Ayumu Murase,Overlord
Ayumu Murase,Berserk
Ayumu Murase,Rising of the Shield Hero
Ayumu Murase,That Time I Got Reincarnated as a Slime
Ayumu Murase,Haganai
Ayumu Murase,Fullmetal Alchemist
Ayumu Murase,"Love, Chunibyo & Other Delusions"
Ayumu Murase,Banana Fish
Ayumu Murase,Shokugeki no Soma
Ayumu Murase,Tamako Market
Ayumu Murase,DanMachi
Ayumu Murase,Cowboy Bebop
Ayumu Murase,Bungo Stray Dogs
Ayumu Murase,My Hero Academia
Ayumu Murase,Nagatoro
Ayumu Murase,Black Clover
Ayumu Murase,Uzaki-chan Wants to Hang Out!
Ayumu Murase,Promised Neverland
Ayumu Murase,Jujutsu Kaisen
Ayumu Murase,Made in Abyss
Ryosuke Nishii,Horimiya
Ryosuke Nishii,Monogatari Series
Ryosuke Nishii,Blue Period
Ryosuke Nishii,Gamers!
Ryosuke Nishii,Psycho-Pass
Ryosuke Nishii,Zombie Land Saga
Ryosuke Nishii,Keep Your Hands Off Eizouken!
Ryosuke Nishii,Berserk
Ryosuke Nishii,Haganai
Ryosuke Nishii,Parasyte: The Maxim
Ryosuke Nishii,Banana Fish
Ryosuke Nishii,Tamako Market
Ryosuke Nishii,How a Realist Hero Rebuilt the Kingdom
Ryosuke Nishii,Spy x Family
Ryosuke Nishii,Black Clover
Ryosuke Nishii,Nisekoi
Ryosuke Nishii,Golden Kamuy
Ryosuke Nishii,Hinamatsuri
Ryosuke Nishii,Fruits Basket
Ryosuke Nishii,Promised Neverland
Ryosuke Nishii,Jujutsu Kaisen
Ryosuke Nishii,Dororo
Ryosuke Nishii,Beastars
Ryosuke Nishii,Made in Abyss
Hajime Yatate,Jobless Reincarnation
Hajime Yatate,Eden of the East
Hajime Yatate,Kakushigoto
Hajime Yatate,Re:Zero
Hajime Yatate,Berserk
Hajime Yatate,Haganai
Hajime Yatate,Log Horizon
Hajime Yatate,"Love, Chunibyo & Other Delusions"
Hajime Yatate,Tamako Market
Hajime Yatate,Noragami
Hajime Yatate,Black Clover
Hajime Yatate,Parasyte
Hajime Yatate,Fruits Basket
Hajime Yatate,Black Butler
Hajime Yatate,Jujutsu Kaisen
Hajime Yatate,Beastars
Hajime Yatate,Made in Abyss
Hajime Yatate,Vinland Saga
Akito Takahashi,Horimiya
Akito Takahashi,No Game No Life
Akito Takahashi,Noblesse
Akito Takahashi,Megalobox
Akito Takahashi,Kakushigoto
Akito Takahashi,Keep Your Hands Off Eizouken!
Akito Takahashi,Berserk
Akito Takahashi,Witch Hunter Robin
Akito Takahashi,Combatants Will Be Dispatched!
Akito Takahashi,Horou Musuko
Akito Takahashi,Spy x Family
Akito Takahashi,Sword Art Online Alternative: Gun Gale Online
Akito Takahashi,Children of the Sea
Akito Takahashi,Nisekoi
Akito Takahashi,Naruto
Akito Takahashi,The Disastrous Life of Saiki K.
Akito Takahashi,Beastars
Akito Takahashi,Attack on Titan
Akito Takahashi,Kaguya-sama: Love is War
Akito Takahashi,Soul Eater
Akito Takahashi,Vinland Saga
Gen Urobuchi,No Game No Life
Gen Urobuchi,Blue Period
Gen Urobuchi,Psycho-Pass
Gen Urobuchi,Darwin's Game
Gen Urobuchi,Berserk
Gen Urobuchi,Rising of the Shield Hero
Gen Urobuchi,That Time I Got Reincarnated as a Slime
Gen Urobuchi,Log Horizon
Gen Urobuchi,Barakamon
Gen Urobuchi,"Love, Chunibyo & Other Delusions"
Gen Urobuchi,Banana Fish
Gen Urobuchi,How a Realist Hero Rebuilt the Kingdom
Gen Urobuchi,Horou Musuko
Gen Urobuchi,Sword Art Online
Gen Urobuchi,My Hero Academia
Gen Urobuchi,Children of the Sea
Gen Urobuchi,Arifureta
Gen Urobuchi,Uzaki-chan Wants to Hang Out!
Gen Urobuchi,Golden Kamuy
Gen Urobuchi,Jujutsu Kaisen
Gen Urobuchi,Dororo
Gen Urobuchi,The Disastrous Life of Saiki K.
Gen Urobuchi,Soul Eater
Shinichi Matsuki,Jobless Reincarnation
Shinichi Matsuki,No Game No Life
Shinichi Matsuki,Monogatari Series
Shinichi Matsuki,Oregairu
Shinichi Matsuki,Noblesse
Shinichi Matsuki,Komi Can't Communicate
Shinichi Matsuki,My Next Life as a Villainess
Shinichi Matsuki,Charlotte
Shinichi Matsuki,Re:Zero
Shinichi Matsuki,Rising of the Shield Hero
Shinichi Matsuki,Log Horizon
Shinichi Matsuki,"Love, Chunibyo & Other Delusions"
Shinichi Matsuki,Sword Art Online
Shinichi Matsuki,Bungo Stray Dogs
Shinichi Matsuki,Nagatoro
Shinichi Matsuki,Children of the Sea
Shinichi Matsuki,Promised Neverland
Shinichi Matsuki,Made in Abyss
Shinichi Matsuki,Kaguya-sama: Love is War
Shinichi Matsuki,Domestic Girlfriend
Tetsuya Kakihara,Jobless Reincarnation
Tetsuya Kakihara,Noblesse
Tetsuya Kakihara,Neon Genesis Evangelion
Tetsuya Kakihara,Komi Can't Communicate
Tetsuya Kakihara,Charlotte
Tetsuya Kakihara,Overlord
Tetsuya Kakihara,Re:Zero
Tetsuya Kakihara,Banana Fish
Tetsuya Kakihara,Shokugeki no Soma
Tetsuya Kakihara,Combatants Will Be Dispatched!
Tetsuya Kakihara,Baccano!
Tetsuya Kakihara,Sword Art Online
Tetsuya Kakihara,Cowboy Bebop
Tetsuya Kakihara,Black Clover
Tetsuya Kakihara,Nisekoi
Tetsuya Kakihara,Uzaki-chan Wants to Hang Out!
Tetsuya Kakihara,Golden Kamuy
Tetsuya Kakihara,Jujutsu Kaisen
Tetsuya Kakihara,Erased
Tetsuya Kakihara,Soul Eater
Tetsuya Kakihara,Domestic Girlfriend
Haruka Tomatsu,Noblesse
Haruka Tomatsu,Komi Can't Communicate
Haruka Tomatsu,My Next Life as a Villainess
Haruka Tomatsu,Kakushigoto
Haruka Tomatsu,Ergo Proxy
Haruka Tomatsu,Keep Your Hands Off Eizouken!
Haruka Tomatsu,Rising of the Shield Hero
Haruka Tomatsu,That Time I Got Reincarnated as a Slime
Haruka Tomatsu,Combatants Will Be Dispatched!
Haruka Tomatsu,Arte
Haruka Tomatsu,Baccano!
Haruka Tomatsu,How a Realist Hero Rebuilt the Kingdom
Haruka Tomatsu,Horou Musuko
Haruka Tomatsu,DanMachi
Haruka Tomatsu,Sword Art Online
Haruka Tomatsu,Cowboy Bebop
Haruka Tomatsu,Sword Art Online Alternative: Gun Gale Online
Haruka Tomatsu,Children of the Sea
Haruka Tomatsu,Uzaki-chan Wants to Hang Out!
Haruka Tomatsu,Naruto
Haruka Tomatsu,Promised Neverland
Haruka Tomatsu,Black Butler
Haruka Tomatsu,Beastars
Haruka Tomatsu,Kaguya-sama: Love is War
Haruka Tomatsu,Soul Eater
Hideaki Sorachi,Oregairu
Hideaki Sorachi,Dorohedoro
Hideaki Sorachi,Megalobox
Hideaki Sorachi,My Next Life as a Villainess
Hideaki Sorachi,Zombie Land Saga
Hideaki Sorachi,Charlotte
Hideaki Sorachi,Ergo Proxy
Hideaki Sorachi,Keep Your Hands Off Eizouken!
Hideaki Sorachi,Barakamon
Hideaki Sorachi,Banana Fish
Hideaki Sorachi,Noragami
Hideaki Sorachi,Spy x Family
Hideaki Sorachi,Sword Art Online
Hideaki Sorachi,Bungo Stray Dogs
Hideaki Sorachi,Arifureta
Hideaki Sorachi,Naruto
Hideaki Sorachi,Parasyte
Hideaki Sorachi,Quintessential Quintuplets
Hideaki Sorachi,Black Butler
Hideaki Sorachi,Made in Abyss
Hideaki Sorachi,Kaguya-sama: Love is War
Shin Itagaki,Jobless Reincarnation
Shin Itagaki,My Next Life as a Villainess
Shin Itagaki,Zombie Land Saga
Shin Itagaki,Ergo Proxy
Shin Itagaki,Rising of the Shield Hero
Shin Itagaki,Shokugeki no Soma
Shin Itagaki,Combatants Will Be Dispatched!
Shin Itagaki,How a Realist Hero Rebuilt the Kingdom
Shin Itagaki,Sword Art Online
Shin Itagaki,Nagatoro
Shin Itagaki,Black Clover
Shin Itagaki,Nisekoi
Shin Itagaki,Uzaki-chan Wants to Hang Out!
Shin Itagaki,Fruits Basket
Shin Itagaki,Promised Neverland
Shin Itagaki,Black Butler
Shin Itagaki,Dororo
Shin Itagaki,Kaguya-sama: Love is War
Haruka Tomatsu,Horimiya
Haruka Tomatsu,Jobless Reincarnation
Haruka Tomatsu,No Game No Life
Haruka Tomatsu,Dorohedoro
Haruka Tomatsu,Psycho-Pass
Haruka Tomatsu,Megalobox
Haruka Tomatsu,Berserk
Haruka Tomatsu,Fullmetal Alchemist
Haruka Tomatsu,Banana Fish
Haruka Tomatsu,Spy x Family
Haruka Tomatsu,Nisekoi
Haruka Tomatsu,Fruits Basket
Haruka Tomatsu,Jujutsu Kaisen
Haruka Tomatsu,Erased
Haruka Tomatsu,Attack on Titan
Haruka Tomatsu,Vinland Saga
Masanori Kitayama,Horimiya
Masanori Kitayama,Jobless Reincarnation
Masanori Kitayama,Noblesse
Masanori Kitayama,Gamers!
Masanori Kitayama,Psycho-Pass
Masanori Kitayama,Eden of the East
Masanori Kitayama,Kakushigoto
Masanori Kitayama,Keep Your Hands Off Eizouken!
Masanori Kitayama,Berserk
Masanori Kitayama,That Time I Got Reincarnated as a Slime
Masanori Kitayama,Fullmetal Alchemist
Masanori Kitayama,Barakamon
Masanori Kitayama,Parasyte: The Maxim
Masanori Kitayama,"Love, Chunibyo & Other Delusions"
Masanori Kitayama,Combatants Will Be Dispatched!
Masanori Kitayama,Baccano!
Masanori Kitayama,How a Realist Hero Rebuilt the Kingdom
Masanori Kitayama,Horou Musuko
Masanori Kitayama,DanMachi
Masanori Kitayama,Spy x Family
Masanori Kitayama,Hinamatsuri
Masanori Kitayama,Promised Neverland
Yuu Kamiya,Dorohedoro
Yuu Kamiya,Psycho-Pass
Yuu Kamiya,Eden of the East
Yuu Kamiya,Charlotte
Yuu Kamiya,Haganai
Yuu Kamiya,Parasyte: The Maxim
Yuu Kamiya,Combatants Will Be Dispatched!
Yuu Kamiya,DanMachi
Yuu Kamiya,Spy x Family
Yuu Kamiya,Sword Art Online
Yuu Kamiya,Cowboy Bebop
Yuu Kamiya,Black Clover
Yuu Kamiya,Nisekoi
Yuu Kamiya,Fruits Basket
Yuu Kamiya,Promised Neverland
Yuu Kamiya,Dororo
Yuu Kamiya,Kaguya-sama: Love is War
Yuu Kamiya,Domestic Girlfriend
Seong-ho Park,Horimiya
Seong-ho Park,Jobless Reincarnation
Seong-ho Park,Oregairu
Seong-ho Park,Dorohedoro
Seong-ho Park,Megalobox
Seong-ho Park,Overlord
Seong-ho Park,Re:Zero
Seong-ho Park,Keep Your Hands Off Eizouken!
Seong-ho Park,Haganai
Seong-ho Park,"Love, Chunibyo & Other Delusions"
Seong-ho Park,Baccano!
Seong-ho Park,Noragami
Seong-ho Park,Cowboy Bebop
Seong-ho Park,Bungo Stray Dogs
Seong-ho Park,My Hero Academia
Seong-ho Park,Children of the Sea
Seong-ho Park,Uzaki-chan Wants to Hang Out!
Seong-ho Park,Jujutsu Kaisen
Seong-ho Park,The Disastrous Life of Saiki K.
Seong-ho Park,Erased
Seong-ho Park,Domestic Girlfriend
Ryunosuke Kamiki,Horimiya
Ryunosuke Kamiki,No Game No Life
Ryunosuke Kamiki,Neon Genesis Evangelion
Ryunosuke Kamiki,Eden of the East
Ryunosuke Kamiki,Zombie Land Saga
Ryunosuke Kamiki,Kakushigoto
Ryunosuke Kamiki,Charlotte
Ryunosuke Kamiki,Overlord
Ryunosuke Kamiki,Re:Zero
Ryunosuke Kamiki,Berserk
Ryunosuke Kamiki,Fullmetal Alchemist
Ryunosuke Kamiki,Arte
Ryunosuke Kamiki,Cowboy Bebop
Ryunosuke Kamiki,Bungo Stray Dogs
Ryunosuke Kamiki,Nisekoi
Ryunosuke Kamiki,Golden Kamuy
Ryunosuke Kamiki,Parasyte
Ryunosuke Kamiki,Fruits Basket
Ryunosuke Kamiki,Quintessential Quintuplets
Ryunosuke Kamiki,Black Butler
Ryunosuke Kamiki,Dororo
Ryunosuke Kamiki,Made in Abyss
Ryunosuke Kamiki,Attack on Titan
Haruichi Furudate,Monogatari Series
Haruichi Furudate,Oregairu
Haruichi Furudate,Noblesse
Haruichi Furudate,Gamers!
Haruichi Furudate,Neon Genesis Evangelion
Haruichi Furudate,Dorohedoro
Haruichi Furudate,Psycho-Pass
Haruichi Furudate,Eden of the East
Haruichi Furudate,Kakushigoto
Haruichi Furudate,Keep Your Hands Off Eizouken!
Haruichi Furudate,Barakamon
Haruichi Furudate,Baccano!
Haruichi Furudate,Noragami
Haruichi Furudate,Bungo Stray Dogs
Haruichi Furudate,Black Clover
Haruichi Furudate,Naruto
Haruichi Furudate,Parasyte
Haruichi Furudate,Quintessential Quintuplets
Haruichi Furudate,Black Butler
Haruichi Furudate,Attack on Titan
Haruichi Furudate,Kaguya-sama: Love is War
Haruichi Furudate,Soul Eater
Haruichi Furudate,Domestic Girlfriend
Jeho Son & Kwangsu Lee,No Game No Life
Jeho Son & Kwangsu Lee,Monogatari Series
Jeho Son & Kwangsu Lee,Oregairu
Jeho Son & Kwangsu Lee,Noblesse
Jeho Son & Kwangsu Lee,Eden of the East
Jeho Son & Kwangsu Lee,Overlord
Jeho Son & Kwangsu Lee,Keep Your Hands Off Eizouken!
Jeho Son & Kwangsu Lee,Berserk
Jeho Son & Kwangsu Lee,That Time I Got Reincarnated as a Slime
Jeho Son & Kwangsu Lee,Haganai
Jeho Son & Kwangsu Lee,Log Horizon
Jeho Son & Kwangsu Lee,Barakamon
Jeho Son & Kwangsu Lee,Parasyte: The Maxim
Jeho Son & Kwangsu Lee,"Love, Chunibyo & Other Delusions"
Jeho Son & Kwangsu Lee,Banana Fish
Jeho Son & Kwangsu Lee,Shokugeki no Soma
Jeho Son & Kwangsu Lee,Combatants Will Be Dispatched!
Jeho Son & Kwangsu Lee,Arte
Jeho Son & Kwangsu Lee,Baccano!
Jeho Son & Kwangsu Lee,Spy x Family
Jeho Son & Kwangsu Lee,Nagatoro
Jeho Son & Kwangsu Lee,Black Clover
Jeho Son & Kwangsu Lee,Naruto
Jeho Son & Kwangsu Lee,Dororo
Jeho Son & Kwangsu Lee,Made in Abyss
Jeho Son & Kwangsu Lee,Attack on Titan
Jeho Son & Kwangsu Lee,Kaguya-sama: Love is War
Ryunosuke Kamiki,Oregairu
Ryunosuke Kamiki,Dorohedoro
Ryunosuke Kamiki,Keep Your Hands Off Eizouken!
Ryunosuke Kamiki,Rising of the Shield Hero
Ryunosuke Kamiki,Banana Fish
Ryunosuke Kamiki,Tamako Market
Ryunosuke Kamiki,Baccano!
Ryunosuke Kamiki,Black Clover
Ryunosuke Kamiki,Hinamatsuri
Ryunosuke Kamiki,Jujutsu Kaisen
Ryunosuke Kamiki,The Disastrous Life of Saiki K.
Shinpei Ezaki,No Game No Life
Shinpei Ezaki,Monogatari Series
Shinpei Ezaki,Oregairu
Shinpei Ezaki,Gamers!
Shinpei Ezaki,Komi Can't Communicate
Shinpei Ezaki,My Next Life as a Villainess
Shinpei Ezaki,Zombie Land Saga
Shinpei Ezaki,Charlotte
Shinpei Ezaki,Overlord
Shinpei Ezaki,Rising of the Shield Hero
Shinpei Ezaki,Log Horizon
Shinpei Ezaki,Parasyte: The Maxim
Shinpei Ezaki,Shokugeki no Soma
Shinpei Ezaki,Baccano!
Shinpei Ezaki,Noragami
Shinpei Ezaki,Sword Art Online Alternative: Gun Gale Online
Shinpei Ezaki,Naruto
Shinpei Ezaki,Fruits Basket
Shinpei Ezaki,The Disastrous Life of Saiki K.
Shinpei Ezaki,Made in Abyss
Shinpei Ezaki,Soul Eater
Kenichi Kawamura,Monogatari Series
Kenichi Kawamura,Gamers!
Kenichi Kawamura,Komi Can't Communicate
Kenichi Kawamura,Megalobox
Kenichi Kawamura,My Next Life as a Villainess
Kenichi Kawamura,Zombie Land Saga
Kenichi Kawamura,Berserk
Kenichi Kawamura,Barakamon
Kenichi Kawamura,Witch Hunter Robin
Kenichi Kawamura,Tamako Market
Kenichi Kawamura,Combatants Will Be Dispatched!
Kenichi Kawamura,Arte
Kenichi Kawamura,DanMachi
Kenichi Kawamura,Children of the Sea
Kenichi Kawamura,Black Clover
Kenichi Kawamura,Uzaki-chan Wants to Hang Out!
Kenichi Kawamura,Jujutsu Kaisen
Kenichi Kawamura,Erased
Kenichi Kawamura,Made in Abyss
Setsuo Ito,Jobless Reincarnation
Setsuo Ito,Oregairu
Setsuo Ito,Gamers!
Setsuo Ito,Megalobox
Setsuo Ito,Zombie Land Saga
Setsuo Ito,Kakushigoto
Setsuo Ito,Re:Zero
Setsuo Ito,Keep Your Hands Off Eizouken!
Setsuo Ito,That Time I Got Reincarnated as a Slime
Setsuo Ito,Banana Fish
Setsuo Ito,Sword Art Online Alternative: Gun Gale Online
Setsuo Ito,Nagatoro
Setsuo Ito,Nisekoi
Setsuo Ito,Uzaki-chan Wants to Hang Out!
Setsuo Ito,Golden Kamuy
Setsuo Ito,Hinamatsuri
Setsuo Ito,Black Butler
Setsuo Ito,Jujutsu Kaisen
Setsuo Ito,Soul Eater
Setsuo Ito,Vinland Saga
Tatsuya Matsubara,No Game No Life
Tatsuya Matsubara,Noblesse
Tatsuya Matsubara,Komi Can't Communicate
Tatsuya Matsubara,My Next Life as a Villainess
Tatsuya Matsubara,Kakushigoto
Tatsuya Matsubara,Ergo Proxy
Tatsuya Matsubara,Keep Your Hands Off Eizouken!
Tatsuya Matsubara,Rising of the Shield Hero
Tatsuya Matsubara,Barakamon
Tatsuya Matsubara,Witch Hunter Robin
Tatsuya Matsubara,Tamako Market
Tatsuya Matsubara,Arte
Tatsuya Matsubara,How a Realist Hero Rebuilt the Kingdom
Tatsuya Matsubara,Noragami
Tatsuya Matsubara,Bungo Stray Dogs
Tatsuya Matsubara,Black Clover
Tatsuya Matsubara,Nisekoi
Tatsuya Matsubara,Parasyte
Tatsuya Matsubara,Hinamatsuri
Tatsuya Matsubara,Fruits Basket
Tatsuya Matsubara,The Disastrous Life of Saiki K.
Tatsuya Matsubara,Kaguya-sama: Love is War
Tatsuya Matsubara,Domestic Girlfriend
Yuu Kamiya,Horimiya
Yuu Kamiya,Monogatari Series
Yuu Kamiya,Noblesse
Yuu Kamiya,Zombie Land Saga
Yuu Kamiya,Ergo Proxy
Yuu Kamiya,Rising of the Shield Hero
Yuu Kamiya,Tamako Market
Yuu Kamiya,Baccano!
Yuu Kamiya,Noragami
Yuu Kamiya,Bungo Stray Dogs
Yuu Kamiya,Nagatoro
Yuu Kamiya,Golden Kamuy
Yuu Kamiya,Hinamatsuri
Yuu Kamiya,Black Butler
Yuu Kamiya,The Disastrous Life of Saiki K.
Yuu Kamiya,Made in Abyss
Yuu Kamiya,Vinland Saga
Atsushi Takahashi,Horimiya
Atsushi Takahashi,Megalobox
Atsushi Takahashi,Zombie Land Saga
Atsushi Takahashi,Rising of the Shield Hero
Atsushi Takahashi,That Time I Got Reincarnated as a Slime
Atsushi Takahashi,Log Horizon
Atsushi Takahashi,Parasyte: The Maxim
Atsushi Takahashi,Witch Hunter Robin
Atsushi Takahashi,Combatants Will Be Dispatched!
Atsushi Takahashi,How a Realist Hero Rebuilt the Kingdom
Atsushi Takahashi,Noragami
Atsushi Takahashi,Children of the Sea
Atsushi Takahashi,Arifureta
Atsushi Takahashi,Hinamatsuri
Atsushi Takahashi,Black Butler
Atsushi Takahashi,Made in Abyss
Atsushi Takahashi,Attack on Titan
Atsushi Takahashi,Kaguya-sama: Love is War
Shin Itagaki,No Game No Life
Shin Itagaki,Monogatari Series
Shin Itagaki,Blue Period
Shin Itagaki,Noblesse
Shin Itagaki,Komi Can't Communicate
Shin Itagaki,Kakushigoto
Shin Itagaki,Charlotte
Shin Itagaki,Darwin's Game
Shin Itagaki,Berserk
Shin Itagaki,Fullmetal Alchemist
Shin Itagaki,Parasyte: The Maxim
Shin Itagaki,Horou Musuko
Shin Itagaki,Noragami
Shin Itagaki,DanMachi
Shin Itagaki,Cowboy Bebop
Shin Itagaki,My Hero Academia
Shin Itagaki,Children of the Sea
Shin Itagaki,Hinamatsuri
Shin Itagaki,Quintessential Quintuplets
Shin Itagaki,Jujutsu Kaisen
Shin Itagaki,The Disastrous Life of Saiki K.
Shin Itagaki,Vinland Saga
Kei Sanbe,Monogatari Series
Kei Sanbe,Neon Genesis Evangelion
Kei Sanbe,Charlotte
Kei Sanbe,Ergo Proxy
Kei Sanbe,Berserk
Kei Sanbe,Log Horizon
Kei Sanbe,Banana Fish
Kei Sanbe,Tamako Market
Kei Sanbe,Arte
Kei Sanbe,Horou Musuko
Kei Sanbe,Cowboy Bebop
Kei Sanbe,Arifureta
Kei Sanbe,Parasyte
Kei Sanbe,Fruits Basket
Kei Sanbe,Black Butler
Kei Sanbe,Jujutsu Kaisen
Kei Sanbe,Beastars
Kei Sanbe,Made in Abyss
Kei Sanbe,Attack on Titan
Kei Sanbe,Kaguya-sama: Love is War
Kei Sanbe,Soul Eater
Kei Sanbe,Domestic Girlfriend
Atsushi Takahashi,Monogatari Series
Atsushi Takahashi,Oregairu
Atsushi Takahashi,Gamers!
Atsushi Takahashi,Komi Can't Communicate
Atsushi Takahashi,Psycho-Pass
Atsushi Takahashi,Kakushigoto
Atsushi Takahashi,Charlotte
Atsushi Takahashi,Re:Zero
Atsushi Takahashi,Barakamon
Atsushi Takahashi,DanMachi
Atsushi Takahashi,Cowboy Bebop
Atsushi Takahashi,Sword Art Online Alternative: Gun Gale Online
Atsushi Takahashi,Naruto
Atsushi Takahashi,Promised Neverland
Atsushi Takahashi,Dororo
Atsushi Takahashi,The Disastrous Life of Saiki K.
Atsushi Takahashi,Beastars
Atsushi Takahashi,Erased
Torako,Oregairu
Torako,Gamers!
Torako,Dorohedoro
Torako,My Next Life as a Villainess
Torako,Overlord
Torako,Banana Fish
Torako,Witch Hunter Robin
Torako,Shokugeki no Soma
Torako,DanMachi
Torako,Sword Art Online
Torako,Cowboy Bebop
Torako,Sword Art Online Alternative: Gun Gale Online
Torako,My Hero Academia
Torako,Nagatoro
Torako,Children of the Sea
Torako,Arifureta
Torako,Black Clover
Torako,Golden Kamuy
Torako,Naruto
Torako,Parasyte
Torako,Jujutsu Kaisen
Torako,The Disastrous Life of Saiki K.
Torako,Domestic Girlfriend
Shin Itagaki,Oregairu
Shin Itagaki,Megalobox
Shin Itagaki,Eden of the East
Shin Itagaki,Re:Zero
Shin Itagaki,Haganai
Shin Itagaki,Arifureta
Shin Itagaki,Golden Kamuy
Shin Itagaki,Erased
Shin Itagaki,Soul Eater
Chiaki Kobayashi,Jobless Reincarnation
Chiaki Kobayashi,Gamers!
Chiaki Kobayashi,Megalobox
Chiaki Kobayashi,My Next Life as a Villainess
Chiaki Kobayashi,Eden of the East
Chiaki Kobayashi,Ergo Proxy
Chiaki Kobayashi,Darwin's Game
Chiaki Kobayashi,Rising of the Shield Hero
Chiaki Kobayashi,Fullmetal Alchemist
Chiaki Kobayashi,Log Horizon
Chiaki Kobayashi,Banana Fish
Chiaki Kobayashi,Witch Hunter Robin
Chiaki Kobayashi,Baccano!
Chiaki Kobayashi,Horou Musuko
Chiaki Kobayashi,Noragami
Chiaki Kobayashi,DanMachi
Chiaki Kobayashi,Sword Art Online
Chiaki Kobayashi,Cowboy Bebop
Chiaki Kobayashi,Nagatoro
Chiaki Kobayashi,Arifureta
Chiaki Kobayashi,Black Clover
Chiaki Kobayashi,Nisekoi
Chiaki Kobayashi,Parasyte
Chiaki Kobayashi,Fruits Basket
Chiaki Kobayashi,Black Butler
Chiaki Kobayashi,Jujutsu Kaisen
Chiaki Kobayashi,Erased
Kaiu Shirai & Posuka Demizu,Horimiya
Kaiu Shirai & Posuka Demizu,Jobless Reincarnation
Kaiu Shirai & Posuka Demizu,Gamers!
Kaiu Shirai & Posuka Demizu,Neon Genesis Evangelion
Kaiu Shirai & Posuka Demizu,Psycho-Pass
Kaiu Shirai & Posuka Demizu,Eden of the East
Kaiu Shirai & Posuka Demizu,Kakushigoto
Kaiu Shirai & Posuka Demizu,Keep Your Hands Off Eizouken!
Kaiu Shirai & Posuka Demizu,That Time I Got Reincarnated as a Slime
Kaiu Shirai & Posuka Demizu,Banana Fish
Kaiu Shirai & Posuka Demizu,Witch Hunter Robin
Kaiu Shirai & Posuka Demizu,Horou Musuko
Kaiu Shirai & Posuka Demizu,Spy x Family
Kaiu Shirai & Posuka Demizu,Nagatoro
Kaiu Shirai & Posuka Demizu,Uzaki-chan Wants to Hang Out!
Kaiu Shirai & Posuka Demizu,Fruits Basket
Kaiu Shirai & Posuka Demizu,Black Butler
Kaiu Shirai & Posuka Demizu,Made in Abyss
Kaiu Shirai & Posuka Demizu,Soul Eater
Akito Takahashi,Jobless Reincarnation
Akito Takahashi,Oregairu
Akito Takahashi,Dorohedoro
Akito Takahashi,Re:Zero
Akito Takahashi,Rising of the Shield Hero
Akito Takahashi,Haganai
Akito Takahashi,Fullmetal Alchemist
Akito Takahashi,Log Horizon
Akito Takahashi,Barakamon
Akito Takahashi,Parasyte: The Maxim
Akito Takahashi,Banana Fish
Akito Takahashi,Arte
Akito Takahashi,DanMachi
Akito Takahashi,My Hero Academia
Akito Takahashi,Nagatoro
Akito Takahashi,Parasyte
Akito Takahashi,The God of High School
Akito Takahashi,Promised Neverland
Akito Takahashi,Black Butler
Shinpei Ezaki,Kakushigoto
Shinpei Ezaki,Ergo Proxy
Shinpei Ezaki,Re:Zero
Shinpei Ezaki,Keep Your Hands Off Eizouken!
Shinpei Ezaki,Fullmetal Alchemist
Shinpei Ezaki,Barakamon
Shinpei Ezaki,Tamako Market
Shinpei Ezaki,DanMachi
Shinpei Ezaki,Sword Art Online
Shinpei Ezaki,My Hero Academia
Shinpei Ezaki,The God of High School
Shinpei Ezaki,Black Butler
Shinpei Ezaki,Beastars
Shinpei Ezaki,Vinland Saga
Shinpei Ezaki,Domestic Girlfriend
Kei Sanbe,Horimiya
Kei Sanbe,Jobless Reincarnation
Kei Sanbe,Blue Period
Kei Sanbe,Komi Can't Communicate
Kei Sanbe,Dorohedoro
Kei Sanbe,Kakushigoto
Kei Sanbe,Darwin's Game
Kei Sanbe,Parasyte: The Maxim
Kei Sanbe,How a Realist Hero Rebuilt the Kingdom
Kei Sanbe,Spy x Family
Kei Sanbe,Sword Art Online
Kei Sanbe,Bungo Stray Dogs
Kei Sanbe,My Hero Academia
Kei Sanbe,Nagatoro
Kei Sanbe,Children of the Sea
Kei Sanbe,Uzaki-chan Wants to Hang Out!
Kei Sanbe,The Disastrous Life of Saiki K.
Yumi Uchiyama,Horimiya
Yumi Uchiyama,No Game No Life
Yumi Uchiyama,Monogatari Series
Yumi Uchiyama,Oregairu
Yumi Uchiyama,Gamers!
Yumi Uchiyama,Komi Can't Communicate
Yumi Uchiyama,Dorohedoro
Yumi Uchiyama,My Next Life as a Villainess
Yumi Uchiyama,Eden of the East
Yumi Uchiyama,Kakushigoto
Yumi Uchiyama,Keep Your Hands Off Eizouken!
Yumi Uchiyama,Darwin's Game
Yumi Uchiyama,Rising of the Shield Hero
Yumi Uchiyama,That Time I Got Reincarnated as a Slime
Yumi Uchiyama,Parasyte: The Maxim
Yumi Uchiyama,Shokugeki no Soma
Yumi Uchiyama,Tamako Market
Yumi Uchiyama,How a Realist Hero Rebuilt the Kingdom
Yumi Uchiyama,Noragami
Yumi Uchiyama,Cowboy Bebop
Yumi Uchiyama,Bungo Stray Dogs
Yumi Uchiyama,Nagatoro
Yumi Uchiyama,Golden Kamuy
Yumi Uchiyama,Quintessential Quintuplets
Yumi Uchiyama,Jujutsu Kaisen
Yumi Uchiyama,Beastars
Yumi Uchiyama,Soul Eater
Yumi Uchiyama,Vinland Saga
Masashi Kishimoto,Jobless Reincarnation
Masashi Kishimoto,No Game No Life
Masashi Kishimoto,Komi Can't Communicate
Masashi Kishimoto,Psycho-Pass
Masashi Kishimoto,My Next Life as a Villainess
Masashi Kishimoto,Eden of the East
Masashi Kishimoto,Ergo Proxy
Masashi Kishimoto,Overlord
Masashi Kishimoto,Keep Your Hands Off Eizouken!
Masashi Kishimoto,Berserk
Masashi Kishimoto,Rising of the Shield Hero
Masashi Kishimoto,Fullmetal Alchemist
Masashi Kishimoto,"Love, Chunibyo & Other Delusions"
Masashi Kishimoto,Banana Fish
Masashi Kishimoto,Witch Hunter Robin
Masashi Kishimoto,Noragami
Masashi Kishimoto,Cowboy Bebop
Masashi Kishimoto,My Hero Academia
Masashi Kishimoto,Black Clover
Masashi Kishimoto,Nisekoi
Masashi Kishimoto,Naruto
Masashi Kishimoto,Promised Neverland
Masashi Kishimoto,Made in Abyss
Ichiro Okouchi,Monogatari Series
Ichiro Okouchi,Oregairu
Ichiro Okouchi,Gamers!
Ichiro Okouchi,Neon Genesis Evangelion
Ichiro Okouchi,My Next Life as a Villainess
Ichiro Okouchi,Eden of the East
Ichiro Okouchi,Ergo Proxy
Ichiro Okouchi,Re:Zero
Ichiro Okouchi,Keep Your Hands Off Eizouken!
Ichiro Okouchi,Darwin's Game
Ichiro Okouchi,Shokugeki no Soma
Ichiro Okouchi,Tamako Market
Ichiro Okouchi,Arte
Ichiro Okouchi,Baccano!
Ichiro Okouchi,Noragami
Ichiro Okouchi,DanMachi
Ichiro Okouchi,Sword Art Online
Ichiro Okouchi,My Hero Academia
Ichiro Okouchi,Children of the Sea
Ichiro Okouchi,Nisekoi
Ichiro Okouchi,Parasyte
Ichiro Okouchi,Hinamatsuri
Ichiro Okouchi,Promised Neverland
Ichiro Okouchi,Dororo
Ichiro Okouchi,Beastars
Ichiro Okouchi,Erased
Hiroshi Ōsaka,Jobless Reincarnation
Hiroshi Ōsaka,Oregairu
Hiroshi Ōsaka,Noblesse
Hiroshi Ōsaka,Gamers!
Hiroshi Ōsaka,Komi Can't Communicate
Hiroshi Ōsaka,Megalobox
Hiroshi Ōsaka,Eden of the East
Hiroshi Ōsaka,Zombie Land Saga
Hiroshi Ōsaka,Ergo Proxy
Hiroshi Ōsaka,Keep Your Hands Off Eizouken!
Hiroshi Ōsaka,Darwin's Game
Hiroshi Ōsaka,Berserk
Hiroshi Ōsaka,Rising of the Shield Hero
Hiroshi Ōsaka,That Time I Got Reincarnated as a Slime
Hiroshi Ōsaka,Fullmetal Alchemist
Hiroshi Ōsaka,Parasyte: The Maxim
Hiroshi Ōsaka,Combatants Will Be Dispatched!
Hiroshi Ōsaka,Spy x Family
Hiroshi Ōsaka,Nagatoro
Hiroshi Ōsaka,Arifureta
Hiroshi Ōsaka,Hinamatsuri
Hiroshi Ōsaka,Fruits Basket
Hiroshi Ōsaka,Quintessential Quintuplets
Hiroshi Ōsaka,Promised Neverland
Hiroshi Ōsaka,Black Butler
Hiroshi Ōsaka,Made in Abyss
Hiroshi Ōsaka,Kaguya-sama: Love is War
Hiroshi Ōsaka,Vinland Saga
Masao Ohtake,No Game No Life
Masao Ohtake,Blue Period
Masao Ohtake,My Next Life as a Villainess
Masao Ohtake,Eden of the East
Masao Ohtake,Kakushigoto
Masao Ohtake,"Love, Chunibyo & Other Delusions"
Masao Ohtake,Combatants Will Be Dispatched!
Masao Ohtake,How a Realist Hero Rebuilt the Kingdom
Masao Ohtake,Sword Art Online
Masao Ohtake,Children of the Sea
Masao Ohtake,Black Clover
Masao Ohtake,Parasyte
Masao Ohtake,Hinamatsuri
Masao Ohtake,Quintessential Quintuplets
Masao Ohtake,Black Butler
Masao Ohtake,Beastars
Masao Ohtake,Erased
Masao Ohtake,Made in Abyss
Reina Ueda,Jobless Reincarnation
Reina Ueda,Neon Genesis Evangelion
Reina Ueda,Psycho-Pass
Reina Ueda,Kakushigoto
Reina Ueda,Darwin's Game
Reina Ueda,Berserk
Reina Ueda,Fullmetal Alchemist
Reina Ueda,Barakamon
Reina Ueda,Parasyte: The Maxim
Reina Ueda,Witch Hunter Robin
Reina Ueda,How a Realist Hero Rebuilt the Kingdom
Reina Ueda,Spy x Family
Reina Ueda,Cowboy Bebop
Reina Ueda,My Hero Academia
Reina Ueda,Children of the Sea
Reina Ueda,Attack on Titan
Reina Ueda,Soul Eater
Reina Ueda,Vinland Saga
Reina Ueda,Domestic Girlfriend
Genki Kawamura,No Game No Life
Genki Kawamura,Gamers!
Genki Kawamura,Neon Genesis Evangelion
Genki Kawamura,Komi Can't Communicate
Genki Kawamura,Dorohedoro
Genki Kawamura,Psycho-Pass
Genki Kawamura,Megalobox
Genki Kawamura,Zombie Land Saga
Genki Kawamura,Re:Zero
Genki Kawamura,"Love, Chunibyo & Other Delusions"
Genki Kawamura,Arte
Genki Kawamura,Baccano!
Genki Kawamura,Spy x Family
Genki Kawamura,Sword Art Online
Genki Kawamura,My Hero Academia
Genki Kawamura,Nagatoro
Genki Kawamura,Black Clover
Genki Kawamura,Nisekoi
Genki Kawamura,Golden Kamuy
Genki Kawamura,Naruto
Genki Kawamura,The God of High School
Genki Kawamura,Quintessential Quintuplets
Genki Kawamura,Promised Neverland
Genki Kawamura,The Disastrous Life of Saiki K.
Genki Kawamura,Kaguya-sama: Love is War
Genki Kawamura,Soul Eater
Genki Kawamura,Vinland Saga
Genki Kawamura,Domestic Girlfriend
Chiaki Kobayashi,Komi Can't Communicate
Chiaki Kobayashi,Zombie Land Saga
Chiaki Kobayashi,Parasyte: The Maxim
Chiaki Kobayashi,"Love, Chunibyo & Other Delusions"
Chiaki Kobayashi,Arte
Chiaki Kobayashi,Spy x Family
Chiaki Kobayashi,Uzaki-chan Wants to Hang Out!
Chiaki Kobayashi,Golden Kamuy
Chiaki Kobayashi,Quintessential Quintuplets
Chiaki Kobayashi,The Disastrous Life of Saiki K.
Chiaki Kobayashi,Made in Abyss
Chiaki Kobayashi,Kaguya-sama: Love is War
Ichiro Okouchi,Horimiya
Ichiro Okouchi,No Game No Life
Ichiro Okouchi,Zombie Land Saga
Ichiro Okouchi,Kakushigoto
Ichiro Okouchi,Log Horizon
Ichiro Okouchi,How a Realist Hero Rebuilt the Kingdom
Ichiro Okouchi,Horou Musuko
Ichiro Okouchi,Cowboy Bebop
Ichiro Okouchi,Sword Art Online Alternative: Gun Gale Online
Ichiro Okouchi,Nagatoro
Ichiro Okouchi,Uzaki-chan Wants to Hang Out!
Ichiro Okouchi,The God of High School
Ichiro Okouchi,Kaguya-sama: Love is War
Ichiro Okouchi,Vinland Saga
Yūki Tabata,Jobless Reincarnation
Yūki Tabata,Oregairu
Yūki Tabata,Noblesse
Yūki Tabata,Komi Can't Communicate
Yūki Tabata,Psycho-Pass
Yūki Tabata,Megalobox
Yūki Tabata,Keep Your Hands Off Eizouken!
Yūki Tabata,Darwin's Game
Yūki Tabata,Log Horizon
Yūki Tabata,Parasyte: The Maxim
Yūki Tabata,Baccano!
Yūki Tabata,Noragami
Yūki Tabata,Cowboy Bebop
Yūki Tabata,My Hero Academia
Yūki Tabata,Arifureta
Yūki Tabata,Uzaki-chan Wants to Hang Out!
Yūki Tabata,Parasyte
Yūki Tabata,Quintessential Quintuplets
Yūki Tabata,Made in Abyss
Yūki Tabata,Vinland Saga
Yūki Tabata,Domestic Girlfriend
Miyu Tomita,Horimiya
Miyu Tomita,Blue Period
Miyu Tomita,Noblesse
Miyu Tomita,Gamers!
Miyu Tomita,Komi Can't Communicate
Miyu Tomita,Dorohedoro
Miyu Tomita,Megalobox
Miyu Tomita,My Next Life as a Villainess
Miyu Tomita,Kakushigoto
Miyu Tomita,Charlotte
Miyu Tomita,Overlord
Miyu Tomita,Berserk
Miyu Tomita,Fullmetal Alchemist
Miyu Tomita,"Love, Chunibyo & Other Delusions"
Miyu Tomita,Shokugeki no Soma
Miyu Tomita,Tamako Market
Miyu Tomita,Arte
Miyu Tomita,How a Realist Hero Rebuilt the Kingdom
Miyu Tomita,Sword Art Online
Miyu Tomita,Cowboy Bebop
Miyu Tomita,My Hero Academia
Miyu Tomita,Nagatoro
Miyu Tomita,Children of the Sea
Miyu Tomita,Arifureta
Miyu Tomita,Black Clover
Miyu Tomita,Uzaki-chan Wants to Hang Out!
Miyu Tomita,Naruto
Miyu Tomita,Parasyte
Miyu Tomita,Black Butler
Miyu Tomita,Jujutsu Kaisen
Miyu Tomita,Erased
Miyu Tomita,Soul Eater
Miyu Tomita,Vinland Saga
Kyo Shirodaira,Monogatari Series
Kyo Shirodaira,Blue Period
Kyo Shirodaira,Noblesse
Kyo Shirodaira,Neon Genesis Evangelion
Kyo Shirodaira,Komi Can't Communicate
Kyo Shirodaira,Megalobox
Kyo Shirodaira,Zombie Land Saga
Kyo Shirodaira,Kakushigoto
Kyo Shirodaira,Rising of the Shield Hero
Kyo Shirodaira,That Time I Got Reincarnated as a Slime
Kyo Shirodaira,Barakamon
Kyo Shirodaira,"Love, Chunibyo & Other Delusions"
Kyo Shirodaira,Banana Fish
Kyo Shirodaira,Combatants Will Be Dispatched!
Kyo Shirodaira,Arte
Kyo Shirodaira,Baccano!
Kyo Shirodaira,How a Realist Hero Rebuilt the Kingdom
Kyo Shirodaira,Horou Musuko
Kyo Shirodaira,DanMachi
Kyo Shirodaira,Nagatoro
Kyo Shirodaira,Arifureta
Kyo Shirodaira,Uzaki-chan Wants to Hang Out!
Kyo Shirodaira,Hinamatsuri
Kyo Shirodaira,Fruits Basket
Kyo Shirodaira,Jujutsu Kaisen
Kyo Shirodaira,The Disastrous Life of Saiki K.
Kyo Shirodaira,Domestic Girlfriend
Sui Ishida,Monogatari Series
Sui Ishida,Komi Can't Communicate
Sui Ishida,Megalobox
Sui Ishida,My Next Life as a Villainess
Sui Ishida,Kakushigoto
Sui Ishida,Charlotte
Sui Ishida,Ergo Proxy
Sui Ishida,Witch Hunter Robin
Sui Ishida,Arte
Sui Ishida,Horou Musuko
Sui Ishida,DanMachi
Sui Ishida,Sword Art Online Alternative: Gun Gale Online
Sui Ishida,My Hero Academia
Sui Ishida,Arifureta
Sui Ishida,Naruto
Sui Ishida,Hinamatsuri
Sui Ishida,Promised Neverland
Sui Ishida,The Disastrous Life of Saiki K.
Sui Ishida,Made in Abyss
Sui Ishida,Attack on Titan
Sui Ishida,Kaguya-sama: Love is War
Sui Ishida,Domestic Girlfriend
Kenjirou Gomi,No Game No Life
Kenjirou Gomi,Monogatari Series
Kenjirou Gomi,Blue Period
Kenjirou Gomi,Komi Can't Communicate
Kenjirou Gomi,Dorohedoro
Kenjirou Gomi,Eden of the East
Kenjirou Gomi,Berserk
Kenjirou Gomi,Barakamon
Kenjirou Gomi,Banana Fish
Kenjirou Gomi,Arte
Kenjirou Gomi,Baccano!
Kenjirou Gomi,How a Realist Hero Rebuilt the Kingdom
Kenjirou Gomi,Horou Musuko
Kenjirou Gomi,Spy x Family
Kenjirou Gomi,Sword Art Online
Kenjirou Gomi,Cowboy Bebop
Kenjirou Gomi,Black Clover
Kenjirou Gomi,Parasyte
Kenjirou Gomi,Hinamatsuri
Kenjirou Gomi,Promised Neverland
Kenjirou Gomi,Dororo
Kenjirou Gomi,The Disastrous Life of Saiki K.
Kenjirou Gomi,Made in Abyss
Kei Sanbe,No Game No Life
Kei Sanbe,Noblesse
Kei Sanbe,That Time I Got Reincarnated as a Slime
Kei Sanbe,Sword Art Online Alternative: Gun Gale Online
Kei Sanbe,Black Clover
Kei Sanbe,Naruto
Kei Sanbe,The God of High School
Kei Sanbe,Quintessential Quintuplets
Minoru Shiraishi,Horimiya
Minoru Shiraishi,Gamers!
Minoru Shiraishi,Komi Can't Communicate
Minoru Shiraishi,Dorohedoro
Minoru Shiraishi,Megalobox
Minoru Shiraishi,My Next Life as a Villainess
Minoru Shiraishi,Zombie Land Saga
Minoru Shiraishi,Re:Zero
Minoru Shiraishi,Berserk
Minoru Shiraishi,Log Horizon
Minoru Shiraishi,Parasyte: The Maxim
Minoru Shiraishi,Witch Hunter Robin
Minoru Shiraishi,Tamako Market
Minoru Shiraishi,Combatants Will Be Dispatched!
Minoru Shiraishi,Arte
Minoru Shiraishi,DanMachi
Minoru Shiraishi,Bungo Stray Dogs
Minoru Shiraishi,My Hero Academia
Minoru Shiraishi,Arifureta
Minoru Shiraishi,Hinamatsuri
Minoru Shiraishi,Made in Abyss
Minoru Shiraishi,Kaguya-sama: Love is War
Chiaki Kobayashi,Horimiya
Chiaki Kobayashi,Noblesse
Chiaki Kobayashi,Psycho-Pass
Chiaki Kobayashi,Haganai
Chiaki Kobayashi,Barakamon
Chiaki Kobayashi,Shokugeki no Soma
Chiaki Kobayashi,Bungo Stray Dogs
Chiaki Kobayashi,My Hero Academia
Chiaki Kobayashi,Children of the Sea
Chiaki Kobayashi,Domestic Girlfriend
Akimi Yoshida,Horimiya
Akimi Yoshida,No Game No Life
Akimi Yoshida,Monogatari Series
Akimi Yoshida,Noblesse
Akimi Yoshida,Gamers!
Akimi Yoshida,Neon Genesis Evangelion
Akimi Yoshida,Komi Can't Communicate
Akimi Yoshida,Dorohedoro
Akimi Yoshida,Eden of the East
Akimi Yoshida,Darwin's Game
Akimi Yoshida,Rising of the Shield Hero
Akimi Yoshida,Haganai
Akimi Yoshida,Fullmetal Alchemist
Akimi Yoshida,Banana Fish
Akimi Yoshida,Witch Hunter Robin
Akimi Yoshida,Shokugeki no Soma
Akimi Yoshida,Tamako Market
Akimi Yoshida,Baccano!
Akimi Yoshida,How a Realist Hero Rebuilt the Kingdom
Akimi Yoshida,Horou Musuko
Akimi Yoshida,Sword Art Online Alternative: Gun Gale Online
Akimi Yoshida,Nagatoro
Akimi Yoshida,Hinamatsuri
Akimi Yoshida,The God of High School
Akimi Yoshida,Fruits Basket
Akimi Yoshida,Promised Neverland
Akimi Yoshida,Black Butler
Akimi Yoshida,Jujutsu Kaisen
Chiaki Kobayashi,No Game No Life
Chiaki Kobayashi,Monogatari Series
Chiaki Kobayashi,Oregairu
Chiaki Kobayashi,Neon Genesis Evangelion
Chiaki Kobayashi,Kakushigoto
Chiaki Kobayashi,Re:Zero
Akiyuki Shinbo,Noblesse
Akiyuki Shinbo,Gamers!
Akiyuki Shinbo,Megalobox
Akiyuki Shinbo,Ergo Proxy
Akiyuki Shinbo,Darwin's Game
Akiyuki Shinbo,Berserk
Akiyuki Shinbo,"Love, Chunibyo & Other Delusions"
Akiyuki Shinbo,Witch Hunter Robin
Akiyuki Shinbo,Arte
Akiyuki Shinbo,Horou Musuko
Akiyuki Shinbo,DanMachi
Akiyuki Shinbo,Nagatoro
Akiyuki Shinbo,Nisekoi
Akiyuki Shinbo,Uzaki-chan Wants to Hang Out!
Akiyuki Shinbo,Golden Kamuy
Akiyuki Shinbo,Naruto
Akiyuki Shinbo,Black Butler
Akiyuki Shinbo,Beastars
Akiyuki Shinbo,Erased
Akiyuki Shinbo,Attack on Titan
Akiyuki Shinbo,Soul Eater
Akiyuki Shinbo,Domestic Girlfriend
Yongje Park,Blue Period
Yongje Park,Noblesse
Yongje Park,Kakushigoto
Yongje Park,Ergo Proxy
Yongje Park,Re:Zero
Yongje Park,Barakamon
Yongje Park,Tamako Market
Yongje Park,How a Realist Hero Rebuilt the Kingdom
Yongje Park,Horou Musuko
Yongje Park,Noragami
Yongje Park,Spy x Family
Yongje Park,Cowboy Bebop
Yongje Park,Sword Art Online Alternative: Gun Gale Online
Yongje Park,Arifureta
Yongje Park,Nisekoi
Yongje Park,Uzaki-chan Wants to Hang Out!
Yongje Park,Golden Kamuy
Yongje Park,Naruto
Yongje Park,Parasyte
Yongje Park,Quintessential Quintuplets
Yongje Park,Jujutsu Kaisen
Yongje Park,Vinland Saga
Yongje Park,Domestic Girlfriend
Natsume Akatsuki,Jobless Reincarnation
Natsume Akatsuki,Oregairu
Natsume Akatsuki,Gamers!
Natsume Akatsuki,Psycho-Pass
Natsume Akatsuki,Megalobox
Natsume Akatsuki,Zombie Land Saga
Natsume Akatsuki,Charlotte
Natsume Akatsuki,Re:Zero
Natsume Akatsuki,Darwin's Game
Natsume Akatsuki,Berserk
Natsume Akatsuki,Log Horizon
Natsume Akatsuki,Barakamon
Natsume Akatsuki,Tamako Market
Natsume Akatsuki,Bungo Stray Dogs
Natsume Akatsuki,Black Clover
Natsume Akatsuki,Golden Kamuy
Natsume Akatsuki,Naruto
Natsume Akatsuki,The God of High School
Natsume Akatsuki,Jujutsu Kaisen
Natsume Akatsuki,Dororo
Natsume Akatsuki,The Disastrous Life of Saiki K.
Natsume Akatsuki,Made in Abyss
Natsume Akatsuki,Soul Eater
Natsume Akatsuki,Domestic Girlfriend
Kazue Kato,Horimiya
Kazue Kato,Blue Period
Kazue Kato,Oregairu
Kazue Kato,Noblesse
Kazue Kato,Neon Genesis Evangelion
Kazue Kato,Komi Can't Communicate
Kazue Kato,Psycho-Pass
Kazue Kato,Zombie Land Saga
Kazue Kato,Overlord
Kazue Kato,Darwin's Game
Kazue Kato,Haganai
Kazue Kato,Banana Fish
Kazue Kato,Shokugeki no Soma
Kazue Kato,Combatants Will Be Dispatched!
Kazue Kato,Arte
Kazue Kato,How a Realist Hero Rebuilt the Kingdom
Kazue Kato,DanMachi
Kazue Kato,Spy x Family
Kazue Kato,Children of the Sea
Kazue Kato,Uzaki-chan Wants to Hang Out!
Kazue Kato,Hinamatsuri
Kazue Kato,Jujutsu Kaisen
Kazue Kato,Attack on Titan
Kazue Kato,Vinland Saga
Kazue Kato,Domestic Girlfriend
Reina Ueda,Blue Period
Reina Ueda,Oregairu
Reina Ueda,Noblesse
Reina Ueda,Gamers!
Reina Ueda,Komi Can't Communicate
Reina Ueda,Dorohedoro
Reina Ueda,My Next Life as a Villainess
Reina Ueda,Charlotte
Reina Ueda,Log Horizon
Reina Ueda,Shokugeki no Soma
Reina Ueda,Combatants Will Be Dispatched!
Reina Ueda,Baccano!
Reina Ueda,Nagatoro
Reina Ueda,Uzaki-chan Wants to Hang Out!
Reina Ueda,Naruto
Reina Ueda,The God of High School
Reina Ueda,Fruits Basket
Reina Ueda,Quintessential Quintuplets
Reina Ueda,The Disastrous Life of Saiki K.
Reina Ueda,Kaguya-sama: Love is War
Noriyuki Abe,Horimiya
Noriyuki Abe,Jobless Reincarnation
Noriyuki Abe,Gamers!
Noriyuki Abe,Megalobox
Noriyuki Abe,My Next Life as a Villainess
Noriyuki Abe,Eden of the East
Noriyuki Abe,Overlord
Noriyuki Abe,Darwin's Game
Noriyuki Abe,Fullmetal Alchemist
Noriyuki Abe,Log Horizon
Noriyuki Abe,Banana Fish
Noriyuki Abe,Witch Hunter Robin
Noriyuki Abe,Sword Art Online Alternative: Gun Gale Online
Noriyuki Abe,Bungo Stray Dogs
Noriyuki Abe,My Hero Academia
Noriyuki Abe,Black Clover
Noriyuki Abe,The God of High School
Noriyuki Abe,Fruits Basket
Noriyuki Abe,Quintessential Quintuplets
Noriyuki Abe,Black Butler
Noriyuki Abe,Jujutsu Kaisen
Noriyuki Abe,The Disastrous Life of Saiki K.
Noriyuki Abe,Attack on Titan
Makoto Yukimura,Horimiya
Makoto Yukimura,Monogatari Series
Makoto Yukimura,Gamers!
Makoto Yukimura,Psycho-Pass
Makoto Yukimura,Ergo Proxy
Makoto Yukimura,Overlord
Makoto Yukimura,Darwin's Game
Makoto Yukimura,Berserk
Makoto Yukimura,That Time I Got Reincarnated as a Slime
Makoto Yukimura,Haganai
Makoto Yukimura,Arte
Makoto Yukimura,Baccano!
Makoto Yukimura,How a Realist Hero Rebuilt the Kingdom
Makoto Yukimura,Sword Art Online Alternative: Gun Gale Online
Makoto Yukimura,Bungo Stray Dogs
Makoto Yukimura,My Hero Academia
Makoto Yukimura,Children of the Sea
Makoto Yukimura,Uzaki-chan Wants to Hang Out!
Makoto Yukimura,Golden Kamuy
Makoto Yukimura,The God of High School
Makoto Yukimura,Black Butler
Makoto Yukimura,Jujutsu Kaisen
Makoto Yukimura,The Disastrous Life of Saiki K.
Makoto Yukimura,Attack on Titan
Kumo Kagyu,No Game No Life
Kumo Kagyu,Neon Genesis Evangelion
Kumo Kagyu,Komi Can't Communicate
Kumo Kagyu,Dorohedoro
Kumo Kagyu,My Next Life as a Villainess
Kumo Kagyu,Overlord
Kumo Kagyu,Rising of the Shield Hero
Kumo Kagyu,Banana Fish
Kumo Kagyu,Tamako Market
Kumo Kagyu,Arifureta
Kumo Kagyu,Nisekoi
Kumo Kagyu,Uzaki-chan Wants to Hang Out!
Kumo Kagyu,Golden Kamuy
Kumo Kagyu,Quintessential Quintuplets
Kumo Kagyu,Promised Neverland
Kumo Kagyu,Black Butler
Kumo Kagyu,Made in Abyss
Kumo Kagyu,Kaguya-sama: Love is War
Kenichi Kawamura,Jobless Reincarnation
Kenichi Kawamura,Neon Genesis Evangelion
Kenichi Kawamura,Psycho-Pass
Kenichi Kawamura,Kakushigoto
Kenichi Kawamura,Darwin's Game
Kenichi Kawamura,Banana Fish
Kenichi Kawamura,How a Realist Hero Rebuilt the Kingdom
Kenichi Kawamura,Horou Musuko
Kenichi Kawamura,Spy x Family
Kenichi Kawamura,Sword Art Online Alternative: Gun Gale Online
Kenichi Kawamura,Nisekoi
Kenichi Kawamura,Hinamatsuri
Kenichi Kawamura,Fruits Basket
Kenichi Kawamura,Promised Neverland
Kenichi Kawamura,The Disastrous Life of Saiki K.
Kenichi Kawamura,Attack on Titan
Masao Ohtake,Psycho-Pass
Masao Ohtake,Megalobox
Masao Ohtake,Overlord
Masao Ohtake,That Time I Got Reincarnated as a Slime
Masao Ohtake,Log Horizon
Masao Ohtake,Witch Hunter Robin
Masao Ohtake,Shokugeki no Soma
Masao Ohtake,Baccano!
Masao Ohtake,Noragami
Masao Ohtake,Sword Art Online Alternative: Gun Gale Online
Masao Ohtake,The God of High School
Masao Ohtake,Promised Neverland
Masao Ohtake,The Disastrous Life of Saiki K.
Masao Ohtake,Soul Eater
Masao Ohtake,Vinland Saga
Hideaki Sorachi,Monogatari Series
Hideaki Sorachi,Noblesse
Hideaki Sorachi,Komi Can't Communicate
Hideaki Sorachi,Overlord
Hideaki Sorachi,Berserk
Hideaki Sorachi,Tamako Market
Hideaki Sorachi,Combatants Will Be Dispatched!
Hideaki Sorachi,Horou Musuko
Hideaki Sorachi,Black Clover
Hideaki Sorachi,Golden Kamuy
Hideaki Sorachi,Hinamatsuri
Hideaki Sorachi,The God of High School
Hideaki Sorachi,Promised Neverland
Hideaki Sorachi,Beastars
Hideaki Sorachi,Vinland Saga
Tsutomu Mizushima,No Game No Life
Tsutomu Mizushima,Oregairu
Tsutomu Mizushima,Dorohedoro
Tsutomu Mizushima,Eden of the East
Tsutomu Mizushima,Zombie Land Saga
Tsutomu Mizushima,Kakushigoto
Tsutomu Mizushima,Re:Zero
Tsutomu Mizushima,Keep Your Hands Off Eizouken!
Tsutomu Mizushima,Haganai
Tsutomu Mizushima,Witch Hunter Robin
Tsutomu Mizushima,Tamako Market
Tsutomu Mizushima,Arte
Tsutomu Mizushima,Spy x Family
Tsutomu Mizushima,Sword Art Online
Tsutomu Mizushima,Cowboy Bebop
Tsutomu Mizushima,My Hero Academia
Tsutomu Mizushima,Black Clover
Tsutomu Mizushima,Promised Neverland
Tsutomu Mizushima,Black Butler
Tsutomu Mizushima,Beastars
Tsutomu Mizushima,Erased
Tsutomu Mizushima,Kaguya-sama: Love is War
Tsutomu Mizushima,Soul Eater
Makoto Furukawa,Jobless Reincarnation
Makoto Furukawa,No Game No Life
Makoto Furukawa,Monogatari Series
Makoto Furukawa,Blue Period
Makoto Furukawa,Noblesse
Makoto Furukawa,Gamers!
Makoto Furukawa,Psycho-Pass
Makoto Furukawa,Charlotte
Makoto Furukawa,Keep Your Hands Off Eizouken!
Makoto Furukawa,Banana Fish
Makoto Furukawa,Spy x Family
Makoto Furukawa,Children of the Sea
Makoto Furukawa,Arifureta
Makoto Furukawa,Black Clover
Makoto Furukawa,Naruto
Makoto Furukawa,Quintessential Quintuplets
Makoto Furukawa,Made in Abyss
Makoto Furukawa,Attack on Titan
Makoto Furukawa,Kaguya-sama: Love is War
Makoto Furukawa,Domestic Girlfriend
Ryosuke Nishii,Noblesse
Ryosuke Nishii,Dorohedoro
Ryosuke Nishii,Re:Zero
Ryosuke Nishii,Fullmetal Alchemist
Ryosuke Nishii,Barakamon
Ryosuke Nishii,Arte
Ryosuke Nishii,DanMachi
Ryosuke Nishii,Cowboy Bebop
Ryosuke Nishii,My Hero Academia
Ryosuke Nishii,Nagatoro
Ryosuke Nishii,Children of the Sea
Ryosuke Nishii,Uzaki-chan Wants to Hang Out!
Ryosuke Nishii,The Disastrous Life of Saiki K.
Ryosuke Nishii,Kaguya-sama: Love is War
Ryosuke Nishii,Domestic Girlfriend
Natsume Akatsuki,No Game No Life
Natsume Akatsuki,Noblesse
Natsume Akatsuki,Eden of the East
Natsume Akatsuki,Kakushigoto
Natsume Akatsuki,Overlord
Natsume Akatsuki,Keep Your Hands Off Eizouken!
Natsume Akatsuki,That Time I Got Reincarnated as a Slime
Natsume Akatsuki,Haganai
Natsume Akatsuki,Parasyte: The Maxim
Natsume Akatsuki,"Love, Chunibyo & Other Delusions"
Natsume Akatsuki,Witch Hunter Robin
Natsume Akatsuki,Shokugeki no Soma
Natsume Akatsuki,Noragami
Natsume Akatsuki,Spy x Family
Natsume Akatsuki,Nagatoro
Natsume Akatsuki,Hinamatsuri
Natsume Akatsuki,Fruits Basket
Natsume Akatsuki,Black Butler
Natsume Akatsuki,Attack on Titan
Mayumi Tanaka,Noblesse
Mayumi Tanaka,Dorohedoro
Mayumi Tanaka,Psycho-Pass
Mayumi Tanaka,Ergo Proxy
Mayumi Tanaka,Keep Your Hands Off Eizouken!
Mayumi Tanaka,Darwin's Game
Mayumi Tanaka,Haganai
Mayumi Tanaka,Arte
Mayumi Tanaka,Horou Musuko
Mayumi Tanaka,DanMachi
Mayumi Tanaka,My Hero Academia
Mayumi Tanaka,Children of the Sea
Mayumi Tanaka,Black Clover
Mayumi Tanaka,Nisekoi
Mayumi Tanaka,Quintessential Quintuplets
Mayumi Tanaka,Beastars
Mayumi Tanaka,Erased
Akiyuki Shinbo,Jobless Reincarnation
Akiyuki Shinbo,Neon Genesis Evangelion
Akiyuki Shinbo,Komi Can't Communicate
Akiyuki Shinbo,Psycho-Pass
Akiyuki Shinbo,Zombie Land Saga
Akiyuki Shinbo,Overlord
Akiyuki Shinbo,Rising of the Shield Hero
Akiyuki Shinbo,Fullmetal Alchemist
Akiyuki Shinbo,Tamako Market
Akiyuki Shinbo,Noragami
Akiyuki Shinbo,Sword Art Online
Akiyuki Shinbo,Cowboy Bebop
Akiyuki Shinbo,Sword Art Online Alternative: Gun Gale Online
Akiyuki Shinbo,Hinamatsuri
Akiyuki Shinbo,Fruits Basket
Akiyuki Shinbo,Promised Neverland
Akiyuki Shinbo,Dororo
Akiyuki Shinbo,Made in Abyss
Manaka Iwami,No Game No Life
Manaka Iwami,Noblesse
Manaka Iwami,My Next Life as a Villainess
Manaka Iwami,Zombie Land Saga
Manaka Iwami,Kakushigoto
Manaka Iwami,Charlotte
Manaka Iwami,Ergo Proxy
Manaka Iwami,Keep Your Hands Off Eizouken!
Manaka Iwami,Darwin's Game
Manaka Iwami,Fullmetal Alchemist
Manaka Iwami,Spy x Family
Manaka Iwami,Bungo Stray Dogs
Manaka Iwami,Nagatoro
Manaka Iwami,Black Clover
Manaka Iwami,Uzaki-chan Wants to Hang Out!
Manaka Iwami,Hinamatsuri
Manaka Iwami,Jujutsu Kaisen
Manaka Iwami,Dororo
Manaka Iwami,Attack on Titan
Manaka Iwami,Kaguya-sama: Love is War
Manaka Iwami,Vinland Saga
Setsuo Ito,Neon Genesis Evangelion
Setsuo Ito,My Next Life as a Villainess
Setsuo Ito,Charlotte
Setsuo Ito,Overlord
Setsuo Ito,Berserk
Setsuo Ito,Log Horizon
Setsuo Ito,Witch Hunter Robin
Setsuo Ito,Cowboy Bebop
Setsuo Ito,Bungo Stray Dogs
Setsuo Ito,Children of the Sea
Setsuo Ito,Naruto
Setsuo Ito,Quintessential Quintuplets
Setsuo Ito,Dororo
Jeho Son & Kwangsu Lee,Jobless Reincarnation
Jeho Son & Kwangsu Lee,Neon Genesis Evangelion
Jeho Son & Kwangsu Lee,My Next Life as a Villainess
Jeho Son & Kwangsu Lee,Ergo Proxy
Jeho Son & Kwangsu Lee,Darwin's Game
Jeho Son & Kwangsu Lee,Sword Art Online Alternative: Gun Gale Online
Jeho Son & Kwangsu Lee,Golden Kamuy
Jeho Son & Kwangsu Lee,Parasyte
Jeho Son & Kwangsu Lee,Quintessential Quintuplets
Jeho Son & Kwangsu Lee,Promised Neverland
Jeho Son & Kwangsu Lee,Black Butler
Jeho Son & Kwangsu Lee,Beastars
Jeho Son & Kwangsu Lee,Erased
Jeho Son & Kwangsu Lee,Domestic Girlfriend
