username,discussion_order_number,descriptions,date_posted
davisashley,1,Diskusi tentang kecerdasan buatan,2021-08-13
davisashley,2,Diskusi tentang kecerdasan buatan,2022-06-03
lori07,1,Pengalaman magang di perusahaan teknologi,2023-12-22
lori07,2,Diskusi tentang pengembangan teknologi terbaru,2024-03-31
paulabradley,1,Pengalaman magang di perusahaan teknologi,2023-11-06
paulabradley,2,Diskusi tentang pengembangan teknologi terbaru,2023-06-05
paulabradley,3,Pengembangan software open source,2023-11-28
dmejia,1,Diskusi tentang keamanan informasi,2024-11-12
dmejia,2,Diskusi tentang pengembangan teknologi terbaru,2024-04-26
bonnieperez,1,Strategi manajemen proyek IT,2023-10-20
bonnieperez,2,Diskusi tentang keamanan informasi,2024-07-16
bonnieperez,3,Pengalaman mengikuti kompetisi coding,2022-12-28
billysosa,1,Strategi belajar pemrograman yang efektif,2024-09-23
billysosa,2,Sharing pengalaman belajar pemrograman,2024-11-30
romerodonna,1,Diskusi tentang pengembangan teknologi terbaru,2024-03-07
michellejohnson,1,Diskusi tentang kecerdasan buatan,2024-07-06
gabriellawrence,1,Berbagi pengetahuan tentang desain antarmuka,2024-10-26
xmolina,1,Pengalaman mengikuti kompetisi coding,2024-07-25
xmolina,2,Pengalaman mengikuti kompetisi coding,2023-03-09
xmolina,3,Berbagi pengetahuan tentang desain antarmuka,2022-06-14
jenkinsmelissa,1,Strategi belajar pemrograman yang efektif,2024-07-13
roger24,1,Tips sukses dalam karier teknologi informasi,2023-04-16
john52,1,Diskusi tentang kecerdasan buatan,2023-08-22
john52,2,Analisis tren teknologi masa depan,2024-05-26
john52,3,Pengalaman mengikuti kompetisi coding,2023-12-24
jmatthews,1,Diskusi tentang kecerdasan buatan,2024-08-12
jmatthews,2,Tantangan dalam dunia pengembangan web,2024-06-11
suttonrobert,1,Pengalaman mengikuti kompetisi coding,2024-01-27
suttonrobert,2,Berbagi pengetahuan tentang desain antarmuka,2024-06-15
suttonrobert,3,Diskusi tentang keamanan informasi,2024-06-08
davidpineda,1,Analisis tren teknologi masa depan,2024-08-19
davidpineda,2,Sharing pengalaman belajar pemrograman,2024-08-26
plopez,1,Strategi manajemen proyek IT,2024-05-24
plopez,2,Tantangan dalam dunia pengembangan web,2024-05-09
plopez,3,Diskusi tentang keamanan informasi,2024-03-19
jimenezjohn,1,Analisis tren teknologi masa depan,2022-09-07
daviskim,1,Diskusi tentang kecerdasan buatan,2023-12-01
daviskim,2,Tips sukses dalam karier teknologi informasi,2023-12-13
daviskim,3,Pengalaman magang di perusahaan teknologi,2021-03-02
bphillips,1,Tips sukses dalam karier teknologi informasi,2023-07-07
bphillips,2,Diskusi tentang blockchain dan cryptocurrency,2023-10-30
bphillips,3,Diskusi tentang kecerdasan buatan,2023-11-18
millererica,1,Diskusi tentang keamanan informasi,2024-03-06
millererica,2,Tips sukses dalam karier teknologi informasi,2024-09-27
millererica,3,Diskusi tentang pengembangan teknologi terbaru,2024-07-26
jwatson,1,Diskusi tentang pengembangan teknologi terbaru,2022-11-07
melissa65,1,Pengalaman magang di perusahaan teknologi,2024-08-06
royshelley,1,Pengembangan software open source,2022-09-24
vbates,1,Diskusi tentang pengembangan teknologi terbaru,2021-06-23
valerie13,1,Pengembangan software open source,2024-03-25
valerie13,2,Pengalaman magang di perusahaan teknologi,2023-09-19
paynefrank,1,Pengalaman magang di perusahaan teknologi,2024-10-09
paynefrank,2,Pengalaman mengikuti kompetisi coding,2024-09-06
paynefrank,3,Pengalaman magang di perusahaan teknologi,2024-07-24
hporter,1,Pengalaman magang di perusahaan teknologi,2024-01-28
hporter,2,Analisis tren teknologi masa depan,2023-05-12
hporter,3,Pengalaman mengikuti kompetisi coding,2024-07-24
ymckay,1,Pengembangan software open source,2024-03-02
ymckay,2,Diskusi tentang kecerdasan buatan,2024-06-28
ymckay,3,Pengalaman magang di perusahaan teknologi,2024-04-23
ftaylor,1,Berbagi pengetahuan tentang desain antarmuka,2024-07-31
ftaylor,2,Diskusi tentang blockchain dan cryptocurrency,2024-08-20
ftaylor,3,Tantangan dalam dunia pengembangan web,2024-07-23
rlyons,1,Berbagi pengetahuan tentang desain antarmuka,2024-07-10
peter86,1,Strategi manajemen proyek IT,2024-07-11
thomasjames,1,Analisis tren teknologi masa depan,2020-07-01
xguzman,1,Diskusi tentang kecerdasan buatan,2022-06-10
fbutler,1,Tantangan dalam dunia pengembangan web,2023-04-04
fbutler,2,Tantangan dalam dunia pengembangan web,2024-10-31
rebecca92,1,Sharing pengalaman belajar pemrograman,2023-05-09
esparzagina,1,Tips sukses dalam karier teknologi informasi,2024-11-17
patriciaalvarado,1,Membahas etika dalam pengembangan teknologi,2024-04-18
dmccormick,1,Diskusi tentang keamanan informasi,2023-03-21
dmccormick,2,Strategi belajar pemrograman yang efektif,2023-05-22
daniel63,1,Membahas etika dalam pengembangan teknologi,2023-08-12
daniel63,2,Analisis tren teknologi masa depan,2024-04-30
daniel63,3,Pengalaman magang di perusahaan teknologi,2024-04-17
mejiajennifer,1,Berbagi pengetahuan tentang desain antarmuka,2023-07-06
mejiajennifer,2,Diskusi tentang blockchain dan cryptocurrency,2023-09-26
charles17,1,Diskusi tentang kecerdasan buatan,2024-09-05
zacharymayo,1,Diskusi tentang blockchain dan cryptocurrency,2024-01-06
zacharymayo,2,Strategi manajemen proyek IT,2023-09-02
zacharymayo,3,Tantangan dalam dunia pengembangan web,2024-11-18
owilson,1,Pengalaman mengikuti kompetisi coding,2022-04-01
owilson,2,Analisis tren teknologi masa depan,2022-04-04
wsmith,1,Strategi manajemen proyek IT,2024-11-20
wsmith,2,Sharing pengalaman belajar pemrograman,2024-03-06
jenniferjohnson,1,Analisis tren teknologi masa depan,2024-11-18
mathewhenry,1,Membahas etika dalam pengembangan teknologi,2024-11-12
mathewhenry,2,Analisis tren teknologi masa depan,2023-01-12
fryan,1,Pengalaman mengikuti kompetisi coding,2024-04-23
fryan,2,Diskusi tentang kecerdasan buatan,2023-10-24
kblake,1,Pengalaman magang di perusahaan teknologi,2024-09-16
kblake,2,Pengalaman mengikuti kompetisi coding,2024-10-21
kblake,3,Tips sukses dalam karier teknologi informasi,2024-03-25
stephanie68,1,Membahas etika dalam pengembangan teknologi,2023-09-04
stephanie68,2,Analisis tren teknologi masa depan,2022-03-02
stephanie68,3,Pengembangan software open source,2023-01-15
wardstephen,1,Analisis tren teknologi masa depan,2023-06-03
wardstephen,2,Berbagi pengetahuan tentang desain antarmuka,2020-12-24
delgadojeffrey,1,Analisis tren teknologi masa depan,2024-10-11
delgadojeffrey,2,Strategi manajemen proyek IT,2024-11-27
cohenzachary,1,Pengalaman magang di perusahaan teknologi,2024-08-13
cohenzachary,2,Tantangan dalam dunia pengembangan web,2023-06-14
jason35,1,Pengalaman magang di perusahaan teknologi,2023-07-13
carrie18,1,Pengalaman mengikuti kompetisi coding,2024-06-23
jnelson,1,Pengalaman magang di perusahaan teknologi,2024-10-03
lopezchristine,1,Sharing pengalaman belajar pemrograman,2024-03-02
lopezchristine,2,Diskusi tentang blockchain dan cryptocurrency,2023-03-14
lopezchristine,3,Berbagi pengetahuan tentang desain antarmuka,2021-12-19
awillis,1,Pengembangan software open source,2022-01-30
jacqueline33,1,Strategi belajar pemrograman yang efektif,2023-09-30
jacqueline33,2,Diskusi tentang pengembangan teknologi terbaru,2023-06-13
jacqueline33,3,Tantangan dalam dunia pengembangan web,2024-09-13
garciamartha,1,Sharing pengalaman belajar pemrograman,2024-08-19
garciamartha,2,Strategi manajemen proyek IT,2024-10-25
garciamartha,3,Membahas etika dalam pengembangan teknologi,2024-02-14
daniel70,1,Analisis tren teknologi masa depan,2022-12-15
daniel70,2,Pengalaman magang di perusahaan teknologi,2023-12-23
daniel70,3,Diskusi tentang keamanan informasi,2021-12-31
mcculloughmark,1,Tips sukses dalam karier teknologi informasi,2024-04-19
mcculloughmark,2,Diskusi tentang keamanan informasi,2024-05-13
mcculloughmark,3,Sharing pengalaman belajar pemrograman,2022-12-04
rwilkins,1,Diskusi tentang blockchain dan cryptocurrency,2022-12-12
cchen,1,Pengembangan software open source,2023-02-11
cchen,2,Diskusi tentang blockchain dan cryptocurrency,2023-02-01
brangel,1,Tips sukses dalam karier teknologi informasi,2021-06-04
brangel,2,Tips sukses dalam karier teknologi informasi,2022-10-17
dwaynemoore,1,Berbagi pengetahuan tentang desain antarmuka,2024-05-19
kendra49,1,Pengalaman magang di perusahaan teknologi,2024-10-02
kendra49,2,Pengembangan software open source,2023-11-01
leraymond,1,Tantangan dalam dunia pengembangan web,2024-06-06
robinsontammy,1,Tips sukses dalam karier teknologi informasi,2024-06-04
robinsontammy,2,Sharing pengalaman belajar pemrograman,2024-03-28
xrodriguez,1,Diskusi tentang keamanan informasi,2024-08-13
xrodriguez,2,Pengalaman mengikuti kompetisi coding,2024-08-26
xrodriguez,3,Strategi belajar pemrograman yang efektif,2024-11-27
andrew58,1,Diskusi tentang kecerdasan buatan,2024-11-27
andrew58,2,Sharing pengalaman belajar pemrograman,2024-07-02
villanuevabrittany,1,Tips sukses dalam karier teknologi informasi,2024-04-30
helliott,1,Diskusi tentang blockchain dan cryptocurrency,2021-11-13
helliott,2,Analisis tren teknologi masa depan,2022-04-02
helliott,3,Pengalaman magang di perusahaan teknologi,2024-01-15
tcollins,1,Strategi belajar pemrograman yang efektif,2023-05-15
zaguilar,1,Analisis tren teknologi masa depan,2023-02-23
zaguilar,2,Sharing pengalaman belajar pemrograman,2023-07-19
zaguilar,3,Sharing pengalaman belajar pemrograman,2023-06-27
mcgeekenneth,1,Sharing pengalaman belajar pemrograman,2022-10-15
mcgeekenneth,2,Pengalaman mengikuti kompetisi coding,2022-07-28
hernandezsteven,1,Pengalaman magang di perusahaan teknologi,2024-03-15
hernandezsteven,2,Tips sukses dalam karier teknologi informasi,2023-11-17
rebeccafox,1,Strategi belajar pemrograman yang efektif,2024-03-19
joyceharris,1,Diskusi tentang keamanan informasi,2024-04-07
joyceharris,2,Strategi belajar pemrograman yang efektif,2022-09-24
joyceharris,3,Pengalaman magang di perusahaan teknologi,2023-07-22
lewistiffany,1,Diskusi tentang kecerdasan buatan,2023-04-10
lewistiffany,2,Pengalaman magang di perusahaan teknologi,2023-07-19
patrick05,1,Berbagi pengetahuan tentang desain antarmuka,2021-12-23
patrick05,2,Pengembangan software open source,2023-11-28
patrick05,3,Tips sukses dalam karier teknologi informasi,2022-08-28
willisamanda,1,Tantangan dalam dunia pengembangan web,2023-11-27
jeffreysantos,1,Berbagi pengetahuan tentang desain antarmuka,2022-03-23
jeffreysantos,2,Sharing pengalaman belajar pemrograman,2024-08-04
zachary81,1,Diskusi tentang keamanan informasi,2023-09-12
zachary81,2,Pengembangan software open source,2023-10-23
zachary81,3,Berbagi pengetahuan tentang desain antarmuka,2024-05-17
nicole97,1,Berbagi pengetahuan tentang desain antarmuka,2020-10-06
nicole97,2,Diskusi tentang blockchain dan cryptocurrency,2021-06-22
ihunt,1,Diskusi tentang kecerdasan buatan,2022-09-27
margaretgonzalez,1,Strategi manajemen proyek IT,2023-08-25
margaretgonzalez,2,Diskusi tentang keamanan informasi,2021-04-08
diana32,1,Diskusi tentang kecerdasan buatan,2024-03-07
diana32,2,Pengalaman mengikuti kompetisi coding,2024-01-01
diana32,3,Strategi belajar pemrograman yang efektif,2024-03-23
hernandezmary,1,Pengalaman magang di perusahaan teknologi,2021-02-16
hernandezmary,2,Diskusi tentang keamanan informasi,2021-02-13
bshepard,1,Analisis tren teknologi masa depan,2023-05-18
lisa62,1,Strategi belajar pemrograman yang efektif,2024-06-19
gvelasquez,1,Diskusi tentang blockchain dan cryptocurrency,2023-12-19
milleranita,1,Tips sukses dalam karier teknologi informasi,2024-11-07
milleranita,2,Strategi manajemen proyek IT,2024-09-22
milleranita,3,Pengalaman magang di perusahaan teknologi,2024-07-01
gregoryvalenzuela,1,Strategi belajar pemrograman yang efektif,2021-02-12
melissa31,1,Tantangan dalam dunia pengembangan web,2024-03-15
melissa31,2,Pengalaman magang di perusahaan teknologi,2024-05-08
thomas64,1,Strategi manajemen proyek IT,2023-04-07
thomas64,2,Pengembangan software open source,2021-06-19
thomas64,3,Tips sukses dalam karier teknologi informasi,2022-04-13
vvelazquez,1,Sharing pengalaman belajar pemrograman,2024-09-21
adrianahernandez,1,Strategi belajar pemrograman yang efektif,2024-04-10
adrianahernandez,2,Strategi manajemen proyek IT,2024-04-14
adrianahernandez,3,Diskusi tentang keamanan informasi,2024-06-09
luis58,1,Strategi manajemen proyek IT,2022-11-05
luis58,2,Membahas etika dalam pengembangan teknologi,2024-07-30
richardshields,1,Berbagi pengetahuan tentang desain antarmuka,2024-04-12
richardshields,2,Analisis tren teknologi masa depan,2024-10-01
richardshields,3,Tips sukses dalam karier teknologi informasi,2023-08-19
dmorgan,1,Diskusi tentang kecerdasan buatan,2024-03-31
harriswendy,1,Tantangan dalam dunia pengembangan web,2024-01-24
srobinson,1,Membahas etika dalam pengembangan teknologi,2024-11-01
srobinson,2,Diskusi tentang keamanan informasi,2023-11-22
srobinson,3,Pengembangan software open source,2023-06-26
lambertdavid,1,Diskusi tentang keamanan informasi,2023-01-02
kellieholmes,1,Diskusi tentang keamanan informasi,2021-08-25
rpatterson,1,Sharing pengalaman belajar pemrograman,2024-03-24
rpatterson,2,Diskusi tentang pengembangan teknologi terbaru,2024-03-26
rpatterson,3,Strategi manajemen proyek IT,2024-11-18
james40,1,Tantangan dalam dunia pengembangan web,2021-04-27
rliu,1,Pengembangan software open source,2024-10-09
leejoseph,1,Diskusi tentang pengembangan teknologi terbaru,2022-08-23
leejoseph,2,Diskusi tentang blockchain dan cryptocurrency,2024-10-13
leejoseph,3,Strategi manajemen proyek IT,2023-10-15
tmacdonald,1,Strategi manajemen proyek IT,2022-05-17
tmacdonald,2,Pengalaman mengikuti kompetisi coding,2020-12-09
chad29,1,Diskusi tentang kecerdasan buatan,2024-02-04
chad29,2,Diskusi tentang pengembangan teknologi terbaru,2022-12-10
chad29,3,Diskusi tentang keamanan informasi,2023-02-15
donaldperez,1,Berbagi pengetahuan tentang desain antarmuka,2024-09-09
michaelgarcia,1,Pengalaman magang di perusahaan teknologi,2024-11-05
steven07,1,Pengalaman magang di perusahaan teknologi,2024-09-02
josephhuffman,1,Berbagi pengetahuan tentang desain antarmuka,2024-11-28
samantha23,1,Analisis tren teknologi masa depan,2023-10-18
samantha23,2,Pengalaman magang di perusahaan teknologi,2024-01-24
samantha23,3,Pengalaman mengikuti kompetisi coding,2024-06-04
aguirrethomas,1,Tips sukses dalam karier teknologi informasi,2023-03-12
aguirrethomas,2,Pengembangan software open source,2024-10-30
uwang,1,Berbagi pengetahuan tentang desain antarmuka,2024-06-25
adamwoods,1,Diskusi tentang keamanan informasi,2023-02-25
andersonpatrick,1,Pengalaman magang di perusahaan teknologi,2023-04-09
andersonpatrick,2,Pengalaman magang di perusahaan teknologi,2023-02-13
scott33,1,Strategi belajar pemrograman yang efektif,2024-11-26
scott33,2,Membahas etika dalam pengembangan teknologi,2024-10-27
scott33,3,Strategi belajar pemrograman yang efektif,2024-07-03
xdavis,1,Tantangan dalam dunia pengembangan web,2024-10-24
xdavis,2,Diskusi tentang pengembangan teknologi terbaru,2024-11-13
xdavis,3,Diskusi tentang kecerdasan buatan,2024-09-09
bradleyedward,1,Diskusi tentang kecerdasan buatan,2022-06-04
bradleyedward,2,Tantangan dalam dunia pengembangan web,2021-06-30
terri07,1,Strategi manajemen proyek IT,2022-06-21
olevy,1,Strategi belajar pemrograman yang efektif,2024-06-07
olevy,2,Strategi belajar pemrograman yang efektif,2024-08-11
olevy,3,Strategi belajar pemrograman yang efektif,2023-04-23
tammy16,1,Diskusi tentang keamanan informasi,2024-08-26
wilsonantonio,1,Pengembangan software open source,2024-01-24
randydavis,1,Berbagi pengetahuan tentang desain antarmuka,2024-07-03
randydavis,2,Strategi manajemen proyek IT,2023-08-22
heidirose,1,Membahas etika dalam pengembangan teknologi,2024-07-18
heidirose,2,Pengalaman magang di perusahaan teknologi,2023-02-08
heidirose,3,Membahas etika dalam pengembangan teknologi,2022-08-01
elizabeth99,1,Pengalaman mengikuti kompetisi coding,2024-01-06
lori88,1,Pengalaman mengikuti kompetisi coding,2021-10-13
lori88,2,Pengalaman magang di perusahaan teknologi,2023-10-05
pabbott,1,Membahas etika dalam pengembangan teknologi,2024-04-24
pabbott,2,Pengembangan software open source,2024-01-21
williamsholly,1,Diskusi tentang blockchain dan cryptocurrency,2022-09-27
walkersandra,1,Sharing pengalaman belajar pemrograman,2023-12-05
walkersandra,2,Diskusi tentang kecerdasan buatan,2024-01-30
walkersandra,3,Sharing pengalaman belajar pemrograman,2024-03-04
dana61,1,Pengembangan software open source,2020-12-11
dana61,2,Pengalaman mengikuti kompetisi coding,2021-07-31
dana61,3,Diskusi tentang blockchain dan cryptocurrency,2022-06-17
jennifer72,1,Sharing pengalaman belajar pemrograman,2024-02-21
jennifer72,2,Membahas etika dalam pengembangan teknologi,2023-11-03
nelsonkyle,1,Strategi belajar pemrograman yang efektif,2024-04-01
nelsonkyle,2,Membahas etika dalam pengembangan teknologi,2024-02-07
nelsonkyle,3,Berbagi pengetahuan tentang desain antarmuka,2024-09-21
vjenkins,1,Strategi manajemen proyek IT,2024-06-28
vjenkins,2,Tantangan dalam dunia pengembangan web,2024-08-13
hamiltonbrandi,1,Diskusi tentang pengembangan teknologi terbaru,2021-04-09
hamiltonbrandi,2,Tantangan dalam dunia pengembangan web,2021-05-10
hamiltonbrandi,3,Strategi belajar pemrograman yang efektif,2021-12-18
shaun89,1,Diskusi tentang keamanan informasi,2023-04-14
shaun89,2,Pengalaman magang di perusahaan teknologi,2022-02-04
shaun89,3,Diskusi tentang pengembangan teknologi terbaru,2024-04-26
ddiaz,1,Diskusi tentang kecerdasan buatan,2024-05-21
ddiaz,2,Strategi belajar pemrograman yang efektif,2024-01-24
ddiaz,3,Pengalaman magang di perusahaan teknologi,2024-08-07
msmith,1,Membahas etika dalam pengembangan teknologi,2021-11-29
msmith,2,Strategi manajemen proyek IT,2023-05-19
shannonjoshua,1,Pengembangan software open source,2022-12-13
shannonjoshua,2,Tantangan dalam dunia pengembangan web,2023-08-09
duartedebbie,1,Diskusi tentang keamanan informasi,2023-12-31
carolyn18,1,Pengembangan software open source,2023-07-09
ujohnson,1,Diskusi tentang kecerdasan buatan,2024-07-09
rebeccabrewer,1,Berbagi pengetahuan tentang desain antarmuka,2023-11-05
norriseduardo,1,Strategi manajemen proyek IT,2023-05-24
scottholmes,1,Diskusi tentang keamanan informasi,2024-09-25
jgriffin,1,Strategi belajar pemrograman yang efektif,2024-05-03
