people_name,manga_main_title,roles,year_published
ONE,Sword Art Online Alternative: Gun Gale Online,Art,2011
ONE,No Game No Life,Art,2007
ONE,Promised Neverland,Art,2008
ONE,Cautious Hero,Art,2014
ONE,The Boy and the Beast,Art,2006
ONE,Tamako Market,Art,2018
ONE,My Next Life as a Villainess,Story,2011
ONE,Rising of the Shield Hero,Art,2012
ONE,Mob Psycho 100,Story,2020
ONE,Gamers!,Story,2021
ONE,The Melancholy of Haruhi Suzumiya,Art,2006
ONE,DanMachi,Story,2020
ONE,JoJo's Bizarre Adventure,Story,2011
ONE,Black Butler,Art,2021
ONE,Ansatsu Kyoushitsu,Art,2005
ONE,A Certain Scientific Railgun,Art,2016
ONE,Oregairu,Art,2024
ONE,Violet Evergarden,Art,2018
ONE,"Love, Chunibyo & Other Delusions",Art,2008
ONE,Darling in the Franxx,Art,2007
ONE,Great Pretender,Story,2005
ONE,Gintama,Story,2006
ONE,Cowboy Bebop,Art,2008
Makoto Yukimura,The Ancient Magus' Bride,Art,2012
Makoto Yukimura,Fairy Tail: Final Series,Story,2006
Makoto Yukimura,Promised Neverland,Story,2008
Makoto Yukimura,Horimiya,Story,2012
Makoto Yukimura,Domestic Girlfriend,Story,2005
Makoto Yukimura,My Next Life as a Villainess,Story,2011
Makoto Yukimura,Black Lagoon,Story,2014
Makoto Yukimura,DanMachi,Story,2020
Makoto Yukimura,Plastic Memories,Story,2005
Makoto Yukimura,Bleach,Story,2021
Makoto Yukimura,Texhnolyze,Art,2022
Makoto Yukimura,Fairy Tail,Art,2021
Makoto Yukimura,Monogatari Series,Art,2011
Makoto Yukimura,Angels of Death,Story,2023
Makoto Yukimura,Barakamon,Art,2013
Makoto Yukimura,"Love, Chunibyo & Other Delusions",Art,2008
Makoto Yukimura,Angel Beats!,Story,2010
Makoto Yukimura,Neon Genesis Evangelion,Art,2023
Makoto Yukimura,Code Geass,Story,2017
Makoto Yukimura,Nichijou,Art,2017
Makoto Yukimura,Dr. Stone,Story,2024
Makoto Yukimura,Fate/Stay Night,Art,2009
Makoto Yukimura,Banana Fish,Art,2022
Makoto Yukimura,Hunter x Hunter,Story,2016
Makoto Yukimura,Cowboy Bebop,Art,2008
Hajime Yatate,Aharen-san wa Hakarenai,Story,2022
Hajime Yatate,ReLIFE,Art,2018
Hajime Yatate,No Game No Life,Story,2007
Hajime Yatate,Promised Neverland,Art,2008
Hajime Yatate,Horimiya,Art,2012
Hajime Yatate,Dororo,Story,2005
Hajime Yatate,Rising of the Shield Hero,Story,2012
Hajime Yatate,Mob Psycho 100,Art,2020
Hajime Yatate,How Heavy Are the Dumbbells You Lift?,Art,2014
Hajime Yatate,Black Lagoon,Art,2014
Hajime Yatate,DanMachi,Story,2020
Hajime Yatate,JoJo's Bizarre Adventure,Story,2011
Hajime Yatate,Darwin's Game,Art,2009
Hajime Yatate,Angels of Death,Art,2023
Hajime Yatate,Blue Period,Art,2016
Hajime Yatate,Ansatsu Kyoushitsu,Story,2005
Hajime Yatate,"Love, Chunibyo & Other Delusions",Art,2008
Hajime Yatate,Yuri!!! on Ice,Art,2015
Hajime Yatate,Arte,Story,2022
Hajime Yatate,Neon Genesis Evangelion,Art,2023
Hajime Yatate,Hunter x Hunter,Story,2016
Akiyuki Shinbo,No Game No Life,Story,2007
Akiyuki Shinbo,Keep Your Hands Off Eizouken!,Story,2008
Akiyuki Shinbo,Dororo,Art,2005
Akiyuki Shinbo,My Next Life as a Villainess,Story,2011
Akiyuki Shinbo,Naruto,Story,2021
Akiyuki Shinbo,How Heavy Are the Dumbbells You Lift?,Story,2014
Akiyuki Shinbo,Black Lagoon,Story,2014
Akiyuki Shinbo,JoJo's Bizarre Adventure,Story,2011
Akiyuki Shinbo,Fairy Tail,Story,2021
Akiyuki Shinbo,Black Butler,Story,2021
Akiyuki Shinbo,Angels of Death,Story,2023
Akiyuki Shinbo,Violet Evergarden,Art,2018
Akiyuki Shinbo,Angel Beats!,Art,2010
Akiyuki Shinbo,Darling in the Franxx,Art,2007
Akiyuki Shinbo,Komi Can't Communicate,Story,2013
Akiyuki Shinbo,Great Pretender,Art,2005
Akiyuki Shinbo,Gintama,Art,2006
Akiyuki Shinbo,Lucky Star,Story,2016
Akiyuki Shinbo,Fate/Stay Night,Art,2009
Akiyuki Shinbo,Banana Fish,Art,2022
Akiyuki Shinbo,Hunter x Hunter,Art,2016
Akiyuki Shinbo,Cowboy Bebop,Story,2008
Miyu Tomita,Sword Art Online Alternative: Gun Gale Online,Art,2011
Miyu Tomita,ReLIFE,Art,2018
Miyu Tomita,Fairy Tail: Final Series,Art,2006
Miyu Tomita,Cautious Hero,Art,2014
Miyu Tomita,Kuroko's Basketball,Story,2006
Miyu Tomita,Gleipnir,Story,2011
Miyu Tomita,Bleach,Story,2021
Miyu Tomita,Darwin's Game,Story,2009
Miyu Tomita,Fairy Tail,Story,2021
Miyu Tomita,A Certain Scientific Railgun,Story,2016
Miyu Tomita,Barakamon,Art,2013
Miyu Tomita,Violet Evergarden,Story,2018
Miyu Tomita,Yuri!!! on Ice,Story,2015
Miyu Tomita,Arte,Art,2022
Miyu Tomita,Sono Bisque Doll wa Koi wo Suru,Art,2007
Miyu Tomita,Dr. Stone,Story,2024
Miyu Tomita,Free!,Story,2016
Shinpei Ezaki,Noblesse,Story,2022
Shinpei Ezaki,Carole & Tuesday,Story,2018
Shinpei Ezaki,The God of High School,Story,2019
Shinpei Ezaki,Cautious Hero,Art,2014
Shinpei Ezaki,The Boy and the Beast,Story,2006
Shinpei Ezaki,Tamako Market,Story,2018
Shinpei Ezaki,Mob Psycho 100,Story,2020
Shinpei Ezaki,How Heavy Are the Dumbbells You Lift?,Story,2014
Shinpei Ezaki,The Melancholy of Haruhi Suzumiya,Art,2006
Shinpei Ezaki,86 (Eighty-Six),Art,2018
Shinpei Ezaki,Kaguya-sama: Love is War,Art,2013
Shinpei Ezaki,Texhnolyze,Art,2022
Shinpei Ezaki,Black Butler,Story,2021
Shinpei Ezaki,Nagatoro,Story,2007
Shinpei Ezaki,Ansatsu Kyoushitsu,Art,2005
Shinpei Ezaki,Komi Can't Communicate,Art,2013
Shinpei Ezaki,K-On!,Art,2016
Shinpei Ezaki,Great Pretender,Art,2005
Shinpei Ezaki,Yuri!!! on Ice,Art,2015
Shinpei Ezaki,Sword Art Online: Alicization,Story,2009
Shinpei Ezaki,Hunter x Hunter,Story,2016
Shinpei Ezaki,Cowboy Bebop,Story,2008
Kaiu Shirai & Posuka Demizu,The Ancient Magus' Bride,Story,2012
Kaiu Shirai & Posuka Demizu,ReLIFE,Art,2018
Kaiu Shirai & Posuka Demizu,Classroom of the Elite,Story,2007
Kaiu Shirai & Posuka Demizu,Keep Your Hands Off Eizouken!,Art,2008
Kaiu Shirai & Posuka Demizu,My Next Life as a Villainess,Art,2011
Kaiu Shirai & Posuka Demizu,86 (Eighty-Six),Art,2018
Kaiu Shirai & Posuka Demizu,Plastic Memories,Art,2005
Kaiu Shirai & Posuka Demizu,Kaguya-sama: Love is War,Art,2013
Kaiu Shirai & Posuka Demizu,Texhnolyze,Story,2022
Kaiu Shirai & Posuka Demizu,Darwin's Game,Story,2009
Kaiu Shirai & Posuka Demizu,Fairy Tail,Story,2021
Kaiu Shirai & Posuka Demizu,Angels of Death,Story,2023
Kaiu Shirai & Posuka Demizu,Nagatoro,Art,2007
Kaiu Shirai & Posuka Demizu,Ansatsu Kyoushitsu,Story,2005
Kaiu Shirai & Posuka Demizu,A Certain Scientific Railgun,Story,2016
Kaiu Shirai & Posuka Demizu,Komi Can't Communicate,Art,2013
Kaiu Shirai & Posuka Demizu,K-On!,Story,2016
Kaiu Shirai & Posuka Demizu,Great Pretender,Story,2005
Kaiu Shirai & Posuka Demizu,Yuri!!! on Ice,Art,2015
Kaiu Shirai & Posuka Demizu,Neon Genesis Evangelion,Story,2023
Kaiu Shirai & Posuka Demizu,Sono Bisque Doll wa Koi wo Suru,Story,2007
Kaiu Shirai & Posuka Demizu,Dr. Stone,Story,2024
Kaiu Shirai & Posuka Demizu,Lucky Star,Story,2016
Kaiu Shirai & Posuka Demizu,Banana Fish,Story,2022
Kaiu Shirai & Posuka Demizu,Hunter x Hunter,Story,2016
Kaiu Shirai & Posuka Demizu,Cowboy Bebop,Art,2008
Ryosuke Nishii,Aharen-san wa Hakarenai,Story,2022
Ryosuke Nishii,Horimiya,Story,2012
Ryosuke Nishii,Gleipnir,Art,2011
Ryosuke Nishii,The Melancholy of Haruhi Suzumiya,Story,2006
Ryosuke Nishii,Plastic Memories,Story,2005
Ryosuke Nishii,Texhnolyze,Art,2022
Ryosuke Nishii,Angels of Death,Story,2023
Ryosuke Nishii,Angel Beats!,Art,2010
Ryosuke Nishii,Your Lie in April,Story,2007
Ryosuke Nishii,Arte,Story,2022
Ryosuke Nishii,Neon Genesis Evangelion,Story,2023
Ryosuke Nishii,Code Geass,Story,2017
Ryosuke Nishii,Gintama,Story,2006
Ryosuke Nishii,Lucky Star,Art,2016
Reina Ueda,The Ancient Magus' Bride,Art,2012
Reina Ueda,Aharen-san wa Hakarenai,Story,2022
Reina Ueda,Promised Neverland,Art,2008
Reina Ueda,The Boy and the Beast,Story,2006
Reina Ueda,Horimiya,Story,2012
Reina Ueda,My Next Life as a Villainess,Art,2011
Reina Ueda,Black Lagoon,Story,2014
Reina Ueda,86 (Eighty-Six),Story,2018
Reina Ueda,DanMachi,Story,2020
Reina Ueda,Darwin's Game,Art,2009
Reina Ueda,Fairy Tail,Art,2021
Reina Ueda,Ansatsu Kyoushitsu,Art,2005
Reina Ueda,Angel Beats!,Story,2010
Reina Ueda,Your Lie in April,Art,2007
Reina Ueda,Code Geass,Story,2017
Reina Ueda,Parasyte: The Maxim,Art,2005
Masao Ohtake,ReLIFE,Art,2018
Masao Ohtake,Carole & Tuesday,Art,2018
Masao Ohtake,The God of High School,Story,2019
Masao Ohtake,Fairy Tail: Final Series,Story,2006
Masao Ohtake,Keep Your Hands Off Eizouken!,Story,2008
Masao Ohtake,Horimiya,Art,2012
Masao Ohtake,Tamako Market,Story,2018
Masao Ohtake,Naruto,Story,2021
Masao Ohtake,Ascendance of a Bookworm,Story,2009
Masao Ohtake,Kuroko's Basketball,Story,2006
Masao Ohtake,Gleipnir,Art,2011
Masao Ohtake,Black Lagoon,Story,2014
Masao Ohtake,The Melancholy of Haruhi Suzumiya,Art,2006
Masao Ohtake,86 (Eighty-Six),Story,2018
Masao Ohtake,Blue Period,Art,2016
Masao Ohtake,"Love, Chunibyo & Other Delusions",Story,2008
Masao Ohtake,Your Name,Story,2022
Masao Ohtake,Angel Beats!,Art,2010
Masao Ohtake,Your Lie in April,Story,2007
Masao Ohtake,Sword Art Online: Alicization,Story,2009
Masao Ohtake,Neon Genesis Evangelion,Story,2023
Masao Ohtake,Code Geass,Story,2017
Masao Ohtake,Parasyte: The Maxim,Art,2005
Masao Ohtake,Dr. Stone,Story,2024
Masao Ohtake,Fate/Stay Night,Story,2009
Masao Ohtake,Trigun,Art,2023
FLIPFLOPs,Noblesse,Art,2022
FLIPFLOPs,Carole & Tuesday,Art,2018
FLIPFLOPs,No Game No Life,Art,2007
FLIPFLOPs,The God of High School,Art,2019
FLIPFLOPs,Cautious Hero,Story,2014
FLIPFLOPs,Domestic Girlfriend,Story,2005
FLIPFLOPs,My Next Life as a Villainess,Art,2011
FLIPFLOPs,Rising of the Shield Hero,Story,2012
FLIPFLOPs,Ascendance of a Bookworm,Art,2009
FLIPFLOPs,How Heavy Are the Dumbbells You Lift?,Art,2014
FLIPFLOPs,Gleipnir,Art,2011
FLIPFLOPs,The Melancholy of Haruhi Suzumiya,Story,2006
FLIPFLOPs,Plastic Memories,Story,2005
FLIPFLOPs,Bleach,Story,2021
FLIPFLOPs,JoJo's Bizarre Adventure,Story,2011
FLIPFLOPs,Your Name,Art,2022
FLIPFLOPs,Your Lie in April,Story,2007
FLIPFLOPs,Great Pretender,Story,2005
FLIPFLOPs,Neon Genesis Evangelion,Story,2023
FLIPFLOPs,Code Geass,Art,2017
FLIPFLOPs,Nichijou,Story,2017
FLIPFLOPs,Sono Bisque Doll wa Koi wo Suru,Art,2007
FLIPFLOPs,Lucky Star,Art,2016
Yuu Kamiya,Sword Art Online Alternative: Gun Gale Online,Art,2011
Yuu Kamiya,The God of High School,Story,2019
Yuu Kamiya,Promised Neverland,Art,2008
Yuu Kamiya,The Boy and the Beast,Art,2006
Yuu Kamiya,Horimiya,Art,2012
Yuu Kamiya,Dororo,Story,2005
Yuu Kamiya,My Next Life as a Villainess,Art,2011
Yuu Kamiya,Mob Psycho 100,Story,2020
Yuu Kamiya,DanMachi,Art,2020
Yuu Kamiya,Plastic Memories,Art,2005
Yuu Kamiya,Bleach,Art,2021
Yuu Kamiya,Fairy Tail,Story,2021
Yuu Kamiya,A Certain Scientific Railgun,Art,2016
Yuu Kamiya,Angel Beats!,Art,2010
Yuu Kamiya,Komi Can't Communicate,Art,2013
Yuu Kamiya,Arte,Art,2022
Yuu Kamiya,Code Geass,Art,2017
Yuu Kamiya,Parasyte: The Maxim,Art,2005
Yuu Kamiya,Dr. Stone,Story,2024
Yuu Kamiya,Free!,Story,2016
Yuu Kamiya,Trigun,Story,2023
Masanori Kitayama,The Ancient Magus' Bride,Art,2012
Masanori Kitayama,Sword Art Online Alternative: Gun Gale Online,Art,2011
Masanori Kitayama,Noblesse,Story,2022
Masanori Kitayama,Carole & Tuesday,Story,2018
Masanori Kitayama,Classroom of the Elite,Art,2007
Masanori Kitayama,No Game No Life,Art,2007
Masanori Kitayama,Keep Your Hands Off Eizouken!,Story,2008
Masanori Kitayama,Tamako Market,Story,2018
Masanori Kitayama,Plastic Memories,Story,2005
Masanori Kitayama,JoJo's Bizarre Adventure,Art,2011
Masanori Kitayama,Black Butler,Story,2021
Masanori Kitayama,Monogatari Series,Story,2011
Masanori Kitayama,Angels of Death,Story,2023
Masanori Kitayama,A Certain Scientific Railgun,Art,2016
Masanori Kitayama,Oregairu,Art,2024
Masanori Kitayama,Angel Beats!,Story,2010
Masanori Kitayama,Your Lie in April,Art,2007
Masanori Kitayama,Great Pretender,Art,2005
Masanori Kitayama,Yuri!!! on Ice,Art,2015
Masanori Kitayama,Arte,Story,2022
Masanori Kitayama,Parasyte: The Maxim,Story,2005
Masanori Kitayama,Sono Bisque Doll wa Koi wo Suru,Story,2007
Masanori Kitayama,Gintama,Art,2006
Haruka Tomatsu,Sword Art Online Alternative: Gun Gale Online,Art,2011
Haruka Tomatsu,ReLIFE,Art,2018
Haruka Tomatsu,Classroom of the Elite,Story,2007
Haruka Tomatsu,No Game No Life,Story,2007
Haruka Tomatsu,Horimiya,Story,2012
Haruka Tomatsu,Ascendance of a Bookworm,Story,2009
Haruka Tomatsu,Kuroko's Basketball,Story,2006
Haruka Tomatsu,How Heavy Are the Dumbbells You Lift?,Art,2014
Haruka Tomatsu,Gleipnir,Story,2011
Haruka Tomatsu,Gamers!,Story,2021
Haruka Tomatsu,Nagatoro,Art,2007
Haruka Tomatsu,A Certain Scientific Railgun,Story,2016
Haruka Tomatsu,Your Name,Art,2022
Haruka Tomatsu,Your Lie in April,Art,2007
Haruka Tomatsu,Great Pretender,Art,2005
Haruka Tomatsu,Sword Art Online: Alicization,Story,2009
Haruka Tomatsu,Eden of the East,Story,2006
Haruka Tomatsu,Neon Genesis Evangelion,Story,2023
Haruka Tomatsu,Nichijou,Story,2017
Haruka Tomatsu,Sono Bisque Doll wa Koi wo Suru,Art,2007
Haruka Tomatsu,Dr. Stone,Art,2024
Haruka Tomatsu,Gintama,Story,2006
FLIPFLOPs,Sword Art Online Alternative: Gun Gale Online,Story,2011
FLIPFLOPs,Keep Your Hands Off Eizouken!,Art,2008
FLIPFLOPs,The Boy and the Beast,Story,2006
FLIPFLOPs,Naruto,Story,2021
FLIPFLOPs,Kuroko's Basketball,Story,2006
FLIPFLOPs,Gamers!,Story,2021
FLIPFLOPs,Kaguya-sama: Love is War,Art,2013
FLIPFLOPs,Fairy Tail,Story,2021
FLIPFLOPs,Violet Evergarden,Art,2018
FLIPFLOPs,Steins;Gate,Art,2021
FLIPFLOPs,"Love, Chunibyo & Other Delusions",Story,2008
FLIPFLOPs,Komi Can't Communicate,Story,2013
FLIPFLOPs,K-On!,Art,2016
FLIPFLOPs,Yuri!!! on Ice,Art,2015
FLIPFLOPs,Banana Fish,Story,2022
FLIPFLOPs,Trigun,Art,2023
Ryosuke Nishii,Promised Neverland,Story,2008
Ryosuke Nishii,Keep Your Hands Off Eizouken!,Art,2008
Ryosuke Nishii,Tamako Market,Art,2018
Ryosuke Nishii,My Next Life as a Villainess,Art,2011
Ryosuke Nishii,Ascendance of a Bookworm,Story,2009
Ryosuke Nishii,Black Lagoon,Story,2014
Ryosuke Nishii,JoJo's Bizarre Adventure,Story,2011
Ryosuke Nishii,Black Butler,Art,2021
Ryosuke Nishii,Monogatari Series,Story,2011
Ryosuke Nishii,A Certain Scientific Railgun,Art,2016
Ryosuke Nishii,Violet Evergarden,Story,2018
Ryosuke Nishii,"Love, Chunibyo & Other Delusions",Art,2008
Ryosuke Nishii,Komi Can't Communicate,Story,2013
Ryosuke Nishii,Sword Art Online: Alicization,Art,2009
Ryosuke Nishii,Parasyte: The Maxim,Art,2005
Shinpei Ezaki,Sword Art Online Alternative: Gun Gale Online,Story,2011
Shinpei Ezaki,My Next Life as a Villainess,Story,2011
Shinpei Ezaki,Ascendance of a Bookworm,Art,2009
Shinpei Ezaki,Gleipnir,Story,2011
Shinpei Ezaki,DanMachi,Story,2020
Shinpei Ezaki,Bleach,Art,2021
Shinpei Ezaki,Oregairu,Story,2024
Shinpei Ezaki,Barakamon,Story,2013
Shinpei Ezaki,Darling in the Franxx,Art,2007
Shinpei Ezaki,Your Lie in April,Story,2007
Shinpei Ezaki,Arte,Art,2022
Shinpei Ezaki,Neon Genesis Evangelion,Story,2023
Shinpei Ezaki,Code Geass,Art,2017
Shinpei Ezaki,Parasyte: The Maxim,Story,2005
Shinpei Ezaki,Lucky Star,Story,2016
Mitsuharu Inoue,Classroom of the Elite,Story,2007
Mitsuharu Inoue,No Game No Life,Story,2007
Mitsuharu Inoue,Horimiya,Story,2012
Mitsuharu Inoue,Dororo,Art,2005
Mitsuharu Inoue,Ascendance of a Bookworm,Art,2009
Mitsuharu Inoue,Gamers!,Art,2021
Mitsuharu Inoue,The Melancholy of Haruhi Suzumiya,Art,2006
Mitsuharu Inoue,Bleach,Story,2021
Mitsuharu Inoue,Black Butler,Art,2021
Mitsuharu Inoue,Monogatari Series,Art,2011
Mitsuharu Inoue,Blue Period,Art,2016
Mitsuharu Inoue,Ansatsu Kyoushitsu,Art,2005
Mitsuharu Inoue,Barakamon,Art,2013
Mitsuharu Inoue,Angel Beats!,Art,2010
Mitsuharu Inoue,Sword Art Online: Alicization,Art,2009
Mitsuharu Inoue,Eden of the East,Story,2006
Mitsuharu Inoue,Neon Genesis Evangelion,Art,2023
Mitsuharu Inoue,Lucky Star,Story,2016
Mitsuharu Inoue,Free!,Art,2016
Mitsuharu Inoue,Cowboy Bebop,Story,2008
Jeho Son & Kwangsu Lee,The Ancient Magus' Bride,Story,2012
Jeho Son & Kwangsu Lee,ReLIFE,Story,2018
Jeho Son & Kwangsu Lee,Noblesse,Art,2022
Jeho Son & Kwangsu Lee,The God of High School,Story,2019
Jeho Son & Kwangsu Lee,Cautious Hero,Story,2014
Jeho Son & Kwangsu Lee,Domestic Girlfriend,Art,2005
Jeho Son & Kwangsu Lee,My Next Life as a Villainess,Story,2011
Jeho Son & Kwangsu Lee,Gleipnir,Art,2011
Jeho Son & Kwangsu Lee,JoJo's Bizarre Adventure,Art,2011
Jeho Son & Kwangsu Lee,Black Butler,Art,2021
Jeho Son & Kwangsu Lee,Nagatoro,Art,2007
Jeho Son & Kwangsu Lee,Blue Period,Art,2016
Jeho Son & Kwangsu Lee,Darling in the Franxx,Story,2007
Jeho Son & Kwangsu Lee,Komi Can't Communicate,Story,2013
Jeho Son & Kwangsu Lee,Code Geass,Art,2017
Jeho Son & Kwangsu Lee,Parasyte: The Maxim,Story,2005
Jeho Son & Kwangsu Lee,Nichijou,Story,2017
Jeho Son & Kwangsu Lee,Dr. Stone,Story,2024
Jeho Son & Kwangsu Lee,Gintama,Art,2006
Jeho Son & Kwangsu Lee,Hunter x Hunter,Story,2016
Jeho Son & Kwangsu Lee,Trigun,Art,2023
Soichiro Yamamoto,Noblesse,Art,2022
Soichiro Yamamoto,The God of High School,Art,2019
Soichiro Yamamoto,Fairy Tail: Final Series,Story,2006
Soichiro Yamamoto,Keep Your Hands Off Eizouken!,Story,2008
Soichiro Yamamoto,Mob Psycho 100,Art,2020
Soichiro Yamamoto,Ascendance of a Bookworm,Art,2009
Soichiro Yamamoto,Gamers!,Art,2021
Soichiro Yamamoto,Plastic Memories,Story,2005
Soichiro Yamamoto,JoJo's Bizarre Adventure,Story,2011
Soichiro Yamamoto,Black Butler,Art,2021
Soichiro Yamamoto,Blue Period,Art,2016
Soichiro Yamamoto,Ansatsu Kyoushitsu,Story,2005
Soichiro Yamamoto,Violet Evergarden,Art,2018
Soichiro Yamamoto,Your Lie in April,Art,2007
Soichiro Yamamoto,K-On!,Story,2016
Soichiro Yamamoto,Great Pretender,Story,2005
Soichiro Yamamoto,Yuri!!! on Ice,Art,2015
Soichiro Yamamoto,Code Geass,Story,2017
Soichiro Yamamoto,Nichijou,Art,2017
Soichiro Yamamoto,Sono Bisque Doll wa Koi wo Suru,Story,2007
Soichiro Yamamoto,Gintama,Story,2006
Soichiro Yamamoto,Fate/Stay Night,Art,2009
Soichiro Yamamoto,Trigun,Story,2023
Yumi Uchiyama,Aharen-san wa Hakarenai,Story,2022
Yumi Uchiyama,Sword Art Online Alternative: Gun Gale Online,Art,2011
Yumi Uchiyama,Dororo,Art,2005
Yumi Uchiyama,My Next Life as a Villainess,Art,2011
Yumi Uchiyama,Ascendance of a Bookworm,Story,2009
Yumi Uchiyama,Kuroko's Basketball,Story,2006
Yumi Uchiyama,Gamers!,Art,2021
Yumi Uchiyama,DanMachi,Story,2020
Yumi Uchiyama,Bleach,Art,2021
Yumi Uchiyama,Darwin's Game,Art,2009
Yumi Uchiyama,Angels of Death,Story,2023
Yumi Uchiyama,Nagatoro,Story,2007
Yumi Uchiyama,Ansatsu Kyoushitsu,Art,2005
Yumi Uchiyama,Barakamon,Art,2013
Yumi Uchiyama,Violet Evergarden,Art,2018
Yumi Uchiyama,Steins;Gate,Story,2021
Yumi Uchiyama,"Love, Chunibyo & Other Delusions",Art,2008
Yumi Uchiyama,K-On!,Art,2016
Yumi Uchiyama,Great Pretender,Story,2005
Yumi Uchiyama,Eden of the East,Story,2006
Yumi Uchiyama,Parasyte: The Maxim,Story,2005
Yumi Uchiyama,Nichijou,Art,2017
Yumi Uchiyama,Sono Bisque Doll wa Koi wo Suru,Story,2007
SIU,Aharen-san wa Hakarenai,Story,2022
SIU,Sword Art Online Alternative: Gun Gale Online,Art,2011
SIU,ReLIFE,Story,2018
SIU,My Next Life as a Villainess,Art,2011
SIU,Mob Psycho 100,Story,2020
SIU,Kuroko's Basketball,Story,2006
SIU,Black Lagoon,Art,2014
SIU,DanMachi,Art,2020
SIU,Plastic Memories,Story,2005
SIU,Texhnolyze,Story,2022
SIU,Darwin's Game,Art,2009
SIU,Angels of Death,Story,2023
SIU,Nagatoro,Art,2007
SIU,Oregairu,Art,2024
SIU,Steins;Gate,Story,2021
SIU,Darling in the Franxx,Story,2007
SIU,Great Pretender,Story,2005
SIU,Sword Art Online: Alicization,Art,2009
SIU,Arte,Art,2022
SIU,Parasyte: The Maxim,Story,2005
SIU,Nichijou,Art,2017
SIU,Sono Bisque Doll wa Koi wo Suru,Story,2007
SIU,Banana Fish,Art,2022
Haruka Tomatsu,The Ancient Magus' Bride,Art,2012
Haruka Tomatsu,Aharen-san wa Hakarenai,Art,2022
Haruka Tomatsu,The God of High School,Art,2019
Haruka Tomatsu,Cautious Hero,Story,2014
Haruka Tomatsu,Rising of the Shield Hero,Art,2012
Haruka Tomatsu,Mob Psycho 100,Story,2020
Haruka Tomatsu,JoJo's Bizarre Adventure,Story,2011
Haruka Tomatsu,Black Butler,Art,2021
Haruka Tomatsu,Monogatari Series,Story,2011
Haruka Tomatsu,Oregairu,Art,2024
Haruka Tomatsu,Violet Evergarden,Art,2018
Haruka Tomatsu,K-On!,Art,2016
Haruka Tomatsu,Arte,Art,2022
Haruka Tomatsu,Parasyte: The Maxim,Art,2005
Haruka Tomatsu,Lucky Star,Art,2016
Haruka Tomatsu,Fate/Stay Night,Story,2009
Haruka Tomatsu,Hunter x Hunter,Art,2016
Natsume Akatsuki,Classroom of the Elite,Story,2007
Natsume Akatsuki,No Game No Life,Story,2007
Natsume Akatsuki,Promised Neverland,Story,2008
Natsume Akatsuki,Cautious Hero,Art,2014
Natsume Akatsuki,Naruto,Art,2021
Natsume Akatsuki,Black Lagoon,Story,2014
Natsume Akatsuki,Fairy Tail,Story,2021
Natsume Akatsuki,Angels of Death,Story,2023
Natsume Akatsuki,A Certain Scientific Railgun,Story,2016
Natsume Akatsuki,Violet Evergarden,Story,2018
Natsume Akatsuki,"Love, Chunibyo & Other Delusions",Story,2008
Natsume Akatsuki,Yuri!!! on Ice,Art,2015
Natsume Akatsuki,Parasyte: The Maxim,Art,2005
Natsume Akatsuki,Dr. Stone,Story,2024
Natsume Akatsuki,Lucky Star,Art,2016
Natsume Akatsuki,Banana Fish,Art,2022
Yongje Park,The Ancient Magus' Bride,Art,2012
Yongje Park,Sword Art Online Alternative: Gun Gale Online,Story,2011
Yongje Park,Noblesse,Art,2022
Yongje Park,The God of High School,Art,2019
Yongje Park,Fairy Tail: Final Series,Story,2006
Yongje Park,Horimiya,Story,2012
Yongje Park,Domestic Girlfriend,Art,2005
Yongje Park,Mob Psycho 100,Art,2020
Yongje Park,Kuroko's Basketball,Story,2006
Yongje Park,86 (Eighty-Six),Art,2018
Yongje Park,Bleach,Art,2021
Yongje Park,JoJo's Bizarre Adventure,Story,2011
Yongje Park,Monogatari Series,Story,2011
Yongje Park,Barakamon,Art,2013
Yongje Park,Your Name,Art,2022
Yongje Park,Your Lie in April,Art,2007
Yongje Park,Great Pretender,Story,2005
Yongje Park,Arte,Art,2022
Yongje Park,Dr. Stone,Art,2024
Mamare Touno,ReLIFE,Story,2018
Mamare Touno,No Game No Life,Story,2007
Mamare Touno,The God of High School,Story,2019
Mamare Touno,Keep Your Hands Off Eizouken!,Story,2008
Mamare Touno,Dororo,Art,2005
Mamare Touno,Mob Psycho 100,Story,2020
Mamare Touno,Kuroko's Basketball,Art,2006
Mamare Touno,How Heavy Are the Dumbbells You Lift?,Story,2014
Mamare Touno,Plastic Memories,Art,2005
Mamare Touno,Oregairu,Story,2024
Mamare Touno,Violet Evergarden,Art,2018
Mamare Touno,"Love, Chunibyo & Other Delusions",Story,2008
Mamare Touno,Yuri!!! on Ice,Story,2015
Mamare Touno,Sword Art Online: Alicization,Art,2009
Mamare Touno,Nichijou,Art,2017
Mamare Touno,Sono Bisque Doll wa Koi wo Suru,Art,2007
Mamare Touno,Fate/Stay Night,Story,2009
Akiyuki Shinbo,The Ancient Magus' Bride,Art,2012
Akiyuki Shinbo,Promised Neverland,Art,2008
Akiyuki Shinbo,Horimiya,Art,2012
Akiyuki Shinbo,Mob Psycho 100,Story,2020
Akiyuki Shinbo,Ascendance of a Bookworm,Art,2009
Akiyuki Shinbo,Gleipnir,Art,2011
Akiyuki Shinbo,Gamers!,Art,2021
Akiyuki Shinbo,Plastic Memories,Art,2005
Akiyuki Shinbo,Bleach,Story,2021
Akiyuki Shinbo,Nagatoro,Story,2007
Akiyuki Shinbo,Ansatsu Kyoushitsu,Story,2005
Akiyuki Shinbo,A Certain Scientific Railgun,Art,2016
Akiyuki Shinbo,Barakamon,Art,2013
Akiyuki Shinbo,Code Geass,Art,2017
Akiyuki Shinbo,Trigun,Art,2023
Noriyuki Abe,The Ancient Magus' Bride,Story,2012
Noriyuki Abe,No Game No Life,Art,2007
Noriyuki Abe,Fairy Tail: Final Series,Story,2006
Noriyuki Abe,Keep Your Hands Off Eizouken!,Art,2008
Noriyuki Abe,Domestic Girlfriend,Story,2005
Noriyuki Abe,Tamako Market,Art,2018
Noriyuki Abe,Rising of the Shield Hero,Art,2012
Noriyuki Abe,Naruto,Art,2021
Noriyuki Abe,Kuroko's Basketball,Art,2006
Noriyuki Abe,JoJo's Bizarre Adventure,Art,2011
Noriyuki Abe,Darwin's Game,Art,2009
Noriyuki Abe,Monogatari Series,Art,2011
Noriyuki Abe,Angels of Death,Story,2023
Noriyuki Abe,Blue Period,Art,2016
Noriyuki Abe,Violet Evergarden,Art,2018
Noriyuki Abe,Steins;Gate,Story,2021
Noriyuki Abe,"Love, Chunibyo & Other Delusions",Story,2008
Noriyuki Abe,Angel Beats!,Story,2010
Noriyuki Abe,Komi Can't Communicate,Art,2013
Noriyuki Abe,Your Lie in April,Story,2007
Noriyuki Abe,K-On!,Story,2016
Noriyuki Abe,Nichijou,Art,2017
Noriyuki Abe,Sono Bisque Doll wa Koi wo Suru,Art,2007
Noriyuki Abe,Banana Fish,Art,2022
Noriyuki Abe,Cowboy Bebop,Art,2008
Hideaki Sorachi,The Ancient Magus' Bride,Story,2012
Hideaki Sorachi,Aharen-san wa Hakarenai,Story,2022
Hideaki Sorachi,Sword Art Online Alternative: Gun Gale Online,Story,2011
Hideaki Sorachi,Noblesse,Story,2022
Hideaki Sorachi,The God of High School,Story,2019
Hideaki Sorachi,Domestic Girlfriend,Story,2005
Hideaki Sorachi,Dororo,Art,2005
Hideaki Sorachi,Gleipnir,Art,2011
Hideaki Sorachi,Black Lagoon,Art,2014
Hideaki Sorachi,The Melancholy of Haruhi Suzumiya,Art,2006
Hideaki Sorachi,DanMachi,Art,2020
Hideaki Sorachi,JoJo's Bizarre Adventure,Art,2011
Hideaki Sorachi,Darwin's Game,Art,2009
Hideaki Sorachi,Angels of Death,Story,2023
Hideaki Sorachi,Nagatoro,Story,2007
Hideaki Sorachi,Blue Period,Story,2016
Hideaki Sorachi,Ansatsu Kyoushitsu,Art,2005
Hideaki Sorachi,A Certain Scientific Railgun,Art,2016
Hideaki Sorachi,Barakamon,Art,2013
Hideaki Sorachi,Steins;Gate,Story,2021
Hideaki Sorachi,Great Pretender,Story,2005
Hideaki Sorachi,Sono Bisque Doll wa Koi wo Suru,Story,2007
Hideaki Sorachi,Dr. Stone,Art,2024
Hideaki Sorachi,Cowboy Bebop,Art,2008
ONE,The Ancient Magus' Bride,Story,2012
ONE,ReLIFE,Story,2018
ONE,Carole & Tuesday,Story,2018
ONE,Black Lagoon,Story,2014
ONE,Plastic Memories,Art,2005
ONE,Bleach,Story,2021
ONE,Kaguya-sama: Love is War,Story,2013
ONE,Monogatari Series,Art,2011
ONE,Your Name,Story,2022
ONE,Komi Can't Communicate,Story,2013
ONE,Code Geass,Art,2017
ONE,Parasyte: The Maxim,Art,2005
ONE,Lucky Star,Story,2016
Yongje Park,Classroom of the Elite,Story,2007
Yongje Park,Cautious Hero,Art,2014
Yongje Park,Tamako Market,Story,2018
Yongje Park,Dororo,Story,2005
Yongje Park,My Next Life as a Villainess,Story,2011
Yongje Park,Naruto,Art,2021
Yongje Park,How Heavy Are the Dumbbells You Lift?,Art,2014
Yongje Park,Gamers!,Story,2021
Yongje Park,Darwin's Game,Story,2009
Yongje Park,Fairy Tail,Art,2021
Yongje Park,Angels of Death,Story,2023
Yongje Park,Ansatsu Kyoushitsu,Art,2005
Yongje Park,A Certain Scientific Railgun,Art,2016
Yongje Park,Darling in the Franxx,Art,2007
Yongje Park,Komi Can't Communicate,Art,2013
Yongje Park,Eden of the East,Story,2006
Yongje Park,Code Geass,Story,2017
Yongje Park,Nichijou,Story,2017
Yongje Park,Sono Bisque Doll wa Koi wo Suru,Art,2007
Yongje Park,Gintama,Story,2006
Yongje Park,Free!,Art,2016
Yongje Park,Banana Fish,Art,2022
Yongje Park,Hunter x Hunter,Art,2016
Yongje Park,Cowboy Bebop,Art,2008
Akito Takahashi,Sword Art Online Alternative: Gun Gale Online,Story,2011
Akito Takahashi,Noblesse,Story,2022
Akito Takahashi,No Game No Life,Art,2007
Akito Takahashi,Tamako Market,Art,2018
Akito Takahashi,My Next Life as a Villainess,Story,2011
Akito Takahashi,Kuroko's Basketball,Art,2006
Akito Takahashi,Bleach,Art,2021
Akito Takahashi,Texhnolyze,Art,2022
Akito Takahashi,Ansatsu Kyoushitsu,Art,2005
Akito Takahashi,Violet Evergarden,Art,2018
Akito Takahashi,Your Name,Art,2022
Akito Takahashi,Your Lie in April,Story,2007
Akito Takahashi,Great Pretender,Art,2005
Akito Takahashi,Eden of the East,Art,2006
Akito Takahashi,Sono Bisque Doll wa Koi wo Suru,Story,2007
Akito Takahashi,Gintama,Story,2006
Akito Takahashi,Lucky Star,Art,2016
Akito Takahashi,Free!,Art,2016
Akito Takahashi,Banana Fish,Story,2022
Akito Takahashi,Hunter x Hunter,Art,2016
Akito Takahashi,Cowboy Bebop,Story,2008
Chiaki Kobayashi,Aharen-san wa Hakarenai,Story,2022
Chiaki Kobayashi,Promised Neverland,Art,2008
Chiaki Kobayashi,Horimiya,Art,2012
Chiaki Kobayashi,Tamako Market,Art,2018
Chiaki Kobayashi,Mob Psycho 100,Art,2020
Chiaki Kobayashi,Kuroko's Basketball,Art,2006
Chiaki Kobayashi,Gamers!,Story,2021
Chiaki Kobayashi,Black Lagoon,Story,2014
Chiaki Kobayashi,Plastic Memories,Art,2005
Chiaki Kobayashi,Bleach,Art,2021
Chiaki Kobayashi,Texhnolyze,Art,2022
Chiaki Kobayashi,Darwin's Game,Art,2009
Chiaki Kobayashi,Black Butler,Story,2021
Chiaki Kobayashi,Angels of Death,Art,2023
Chiaki Kobayashi,Nagatoro,Story,2007
Chiaki Kobayashi,Oregairu,Art,2024
Chiaki Kobayashi,Violet Evergarden,Story,2018
Chiaki Kobayashi,Your Name,Story,2022
Chiaki Kobayashi,Angel Beats!,Story,2010
Chiaki Kobayashi,Your Lie in April,Story,2007
Chiaki Kobayashi,Yuri!!! on Ice,Art,2015
Chiaki Kobayashi,Parasyte: The Maxim,Story,2005
Chiaki Kobayashi,Nichijou,Art,2017
Chiaki Kobayashi,Hunter x Hunter,Story,2016
Chiaki Kobayashi,Cowboy Bebop,Art,2008
Atsushi Takahashi,The Ancient Magus' Bride,Art,2012
Atsushi Takahashi,ReLIFE,Story,2018
Atsushi Takahashi,The God of High School,Story,2019
Atsushi Takahashi,Fairy Tail: Final Series,Story,2006
Atsushi Takahashi,Promised Neverland,Art,2008
Atsushi Takahashi,Cautious Hero,Art,2014
Atsushi Takahashi,Tamako Market,Story,2018
Atsushi Takahashi,Dororo,Story,2005
Atsushi Takahashi,Mob Psycho 100,Art,2020
Atsushi Takahashi,The Melancholy of Haruhi Suzumiya,Art,2006
Atsushi Takahashi,86 (Eighty-Six),Art,2018
Atsushi Takahashi,Plastic Memories,Story,2005
Atsushi Takahashi,Texhnolyze,Art,2022
Atsushi Takahashi,Darwin's Game,Art,2009
Atsushi Takahashi,A Certain Scientific Railgun,Art,2016
Atsushi Takahashi,Violet Evergarden,Art,2018
Atsushi Takahashi,Your Lie in April,Art,2007
Atsushi Takahashi,Sword Art Online: Alicization,Story,2009
Atsushi Takahashi,Eden of the East,Art,2006
Atsushi Takahashi,Neon Genesis Evangelion,Art,2023
Atsushi Takahashi,Fate/Stay Night,Art,2009
Miyu Tomita,Noblesse,Story,2022
Miyu Tomita,Classroom of the Elite,Story,2007
Miyu Tomita,Keep Your Hands Off Eizouken!,Story,2008
Miyu Tomita,Domestic Girlfriend,Story,2005
Miyu Tomita,Ascendance of a Bookworm,Story,2009
Miyu Tomita,Black Butler,Story,2021
Miyu Tomita,Nagatoro,Story,2007
Miyu Tomita,"Love, Chunibyo & Other Delusions",Art,2008
Miyu Tomita,Your Name,Story,2022
Miyu Tomita,Angel Beats!,Art,2010
Miyu Tomita,K-On!,Art,2016
Miyu Tomita,Great Pretender,Art,2005
Miyu Tomita,Sword Art Online: Alicization,Art,2009
Miyu Tomita,Neon Genesis Evangelion,Art,2023
Miyu Tomita,Gintama,Art,2006
Miyu Tomita,Lucky Star,Story,2016
Tetsuya Kakihara,Sword Art Online Alternative: Gun Gale Online,Art,2011
Tetsuya Kakihara,Carole & Tuesday,Story,2018
Tetsuya Kakihara,The God of High School,Story,2019
Tetsuya Kakihara,Promised Neverland,Art,2008
Tetsuya Kakihara,My Next Life as a Villainess,Story,2011
Tetsuya Kakihara,How Heavy Are the Dumbbells You Lift?,Art,2014
Tetsuya Kakihara,Gleipnir,Story,2011
Tetsuya Kakihara,Black Lagoon,Story,2014
Tetsuya Kakihara,The Melancholy of Haruhi Suzumiya,Story,2006
Tetsuya Kakihara,DanMachi,Story,2020
Tetsuya Kakihara,Bleach,Story,2021
Tetsuya Kakihara,Angels of Death,Art,2023
Tetsuya Kakihara,Ansatsu Kyoushitsu,Story,2005
Tetsuya Kakihara,Oregairu,Story,2024
Tetsuya Kakihara,Violet Evergarden,Art,2018
Tetsuya Kakihara,Steins;Gate,Art,2021
Tetsuya Kakihara,"Love, Chunibyo & Other Delusions",Story,2008
Tetsuya Kakihara,Your Name,Story,2022
Tetsuya Kakihara,Great Pretender,Story,2005
Tetsuya Kakihara,Yuri!!! on Ice,Art,2015
Tetsuya Kakihara,Sword Art Online: Alicization,Story,2009
Tetsuya Kakihara,Eden of the East,Story,2006
Tetsuya Kakihara,Sono Bisque Doll wa Koi wo Suru,Art,2007
Tetsuya Kakihara,Lucky Star,Art,2016
Tetsuya Kakihara,Banana Fish,Story,2022
Tetsuya Kakihara,Hunter x Hunter,Story,2016
Seong-ho Park,Sword Art Online Alternative: Gun Gale Online,Art,2011
Seong-ho Park,Carole & Tuesday,Art,2018
Seong-ho Park,The God of High School,Story,2019
Seong-ho Park,The Boy and the Beast,Art,2006
Seong-ho Park,Tamako Market,Art,2018
Seong-ho Park,Rising of the Shield Hero,Art,2012
Seong-ho Park,Plastic Memories,Art,2005
Seong-ho Park,Bleach,Art,2021
Seong-ho Park,Kaguya-sama: Love is War,Story,2013
Seong-ho Park,Black Butler,Story,2021
Seong-ho Park,Nagatoro,Art,2007
Seong-ho Park,Blue Period,Art,2016
Seong-ho Park,Ansatsu Kyoushitsu,Story,2005
Seong-ho Park,Steins;Gate,Art,2021
Seong-ho Park,Your Name,Story,2022
Seong-ho Park,Angel Beats!,Story,2010
Seong-ho Park,Your Lie in April,Story,2007
Seong-ho Park,Great Pretender,Story,2005
Seong-ho Park,Sword Art Online: Alicization,Art,2009
Seong-ho Park,Neon Genesis Evangelion,Art,2023
Seong-ho Park,Code Geass,Story,2017
Seong-ho Park,Sono Bisque Doll wa Koi wo Suru,Art,2007
Seong-ho Park,Gintama,Art,2006
Seong-ho Park,Hunter x Hunter,Art,2016
Seong-ho Park,Trigun,Art,2023
Seong-ho Park,Cowboy Bebop,Story,2008
Yūki Tabata,The God of High School,Art,2019
Yūki Tabata,Fairy Tail: Final Series,Story,2006
Yūki Tabata,Promised Neverland,Art,2008
Yūki Tabata,Keep Your Hands Off Eizouken!,Story,2008
Yūki Tabata,Cautious Hero,Art,2014
Yūki Tabata,My Next Life as a Villainess,Story,2011
Yūki Tabata,Kuroko's Basketball,Art,2006
Yūki Tabata,Gamers!,Story,2021
Yūki Tabata,DanMachi,Story,2020
Yūki Tabata,Kaguya-sama: Love is War,Story,2013
Yūki Tabata,Texhnolyze,Art,2022
Yūki Tabata,Angels of Death,Art,2023
Yūki Tabata,Nagatoro,Art,2007
Yūki Tabata,Blue Period,Art,2016
Yūki Tabata,Ansatsu Kyoushitsu,Story,2005
Yūki Tabata,Barakamon,Story,2013
Yūki Tabata,Violet Evergarden,Story,2018
Yūki Tabata,Steins;Gate,Art,2021
Yūki Tabata,Angel Beats!,Art,2010
Yūki Tabata,Darling in the Franxx,Story,2007
Yūki Tabata,K-On!,Story,2016
Yūki Tabata,Eden of the East,Story,2006
Yūki Tabata,Dr. Stone,Art,2024
Yūki Tabata,Gintama,Art,2006
Yūki Tabata,Fate/Stay Night,Art,2009
Yūki Tabata,Cowboy Bebop,Art,2008
Atsushi Takahashi,Aharen-san wa Hakarenai,Art,2022
Atsushi Takahashi,No Game No Life,Story,2007
Atsushi Takahashi,The Boy and the Beast,Story,2006
Atsushi Takahashi,Naruto,Art,2021
Atsushi Takahashi,How Heavy Are the Dumbbells You Lift?,Art,2014
Atsushi Takahashi,Gleipnir,Art,2011
Atsushi Takahashi,Fairy Tail,Art,2021
Atsushi Takahashi,Angels of Death,Story,2023
Atsushi Takahashi,Blue Period,Story,2016
Atsushi Takahashi,Ansatsu Kyoushitsu,Art,2005
Atsushi Takahashi,Oregairu,Art,2024
Atsushi Takahashi,Angel Beats!,Art,2010
Atsushi Takahashi,Darling in the Franxx,Art,2007
Atsushi Takahashi,Yuri!!! on Ice,Art,2015
Atsushi Takahashi,Arte,Story,2022
Atsushi Takahashi,Code Geass,Story,2017
Atsushi Takahashi,Hunter x Hunter,Art,2016
Atsushi Takahashi,Trigun,Art,2023
Atsushi Takahashi,Cowboy Bebop,Art,2008
Jeho Son & Kwangsu Lee,Carole & Tuesday,Story,2018
Jeho Son & Kwangsu Lee,No Game No Life,Story,2007
Jeho Son & Kwangsu Lee,Naruto,Art,2021
Jeho Son & Kwangsu Lee,Ascendance of a Bookworm,Art,2009
Jeho Son & Kwangsu Lee,Gamers!,Story,2021
Jeho Son & Kwangsu Lee,Monogatari Series,Story,2011
Jeho Son & Kwangsu Lee,Ansatsu Kyoushitsu,Art,2005
Jeho Son & Kwangsu Lee,A Certain Scientific Railgun,Art,2016
Jeho Son & Kwangsu Lee,Barakamon,Art,2013
Jeho Son & Kwangsu Lee,Violet Evergarden,Art,2018
Jeho Son & Kwangsu Lee,Your Lie in April,Story,2007
Jeho Son & Kwangsu Lee,Great Pretender,Story,2005
Jeho Son & Kwangsu Lee,Arte,Story,2022
Jeho Son & Kwangsu Lee,Sono Bisque Doll wa Koi wo Suru,Story,2007
Jeho Son & Kwangsu Lee,Cowboy Bebop,Story,2008
Ryunosuke Kamiki,Aharen-san wa Hakarenai,Story,2022
Ryunosuke Kamiki,Carole & Tuesday,Story,2018
Ryunosuke Kamiki,Classroom of the Elite,Story,2007
Ryunosuke Kamiki,Fairy Tail: Final Series,Art,2006
Ryunosuke Kamiki,Promised Neverland,Story,2008
Ryunosuke Kamiki,Keep Your Hands Off Eizouken!,Art,2008
Ryunosuke Kamiki,Cautious Hero,Story,2014
Ryunosuke Kamiki,Horimiya,Art,2012
Ryunosuke Kamiki,Domestic Girlfriend,Art,2005
Ryunosuke Kamiki,My Next Life as a Villainess,Story,2011
Ryunosuke Kamiki,Naruto,Art,2021
Ryunosuke Kamiki,Ascendance of a Bookworm,Art,2009
Ryunosuke Kamiki,Kuroko's Basketball,Story,2006
Ryunosuke Kamiki,Gleipnir,Art,2011
Ryunosuke Kamiki,86 (Eighty-Six),Art,2018
Ryunosuke Kamiki,JoJo's Bizarre Adventure,Art,2011
Ryunosuke Kamiki,Monogatari Series,Art,2011
Ryunosuke Kamiki,Nagatoro,Art,2007
Ryunosuke Kamiki,Blue Period,Story,2016
Ryunosuke Kamiki,Ansatsu Kyoushitsu,Story,2005
Ryunosuke Kamiki,Your Name,Art,2022
Ryunosuke Kamiki,Angel Beats!,Story,2010
Ryunosuke Kamiki,Darling in the Franxx,Art,2007
Ryunosuke Kamiki,Yuri!!! on Ice,Story,2015
Ryunosuke Kamiki,Sword Art Online: Alicization,Art,2009
Ryunosuke Kamiki,Code Geass,Story,2017
Ryunosuke Kamiki,Nichijou,Art,2017
Ryunosuke Kamiki,Gintama,Art,2006
Ryunosuke Kamiki,Hunter x Hunter,Art,2016
Ryunosuke Kamiki,Trigun,Art,2023
Ryunosuke Kamiki,Cowboy Bebop,Story,2008
Ichiro Okouchi,Carole & Tuesday,Art,2018
Ichiro Okouchi,Fairy Tail: Final Series,Story,2006
Ichiro Okouchi,The Boy and the Beast,Story,2006
Ichiro Okouchi,Domestic Girlfriend,Art,2005
Ichiro Okouchi,Tamako Market,Art,2018
Ichiro Okouchi,Rising of the Shield Hero,Story,2012
Ichiro Okouchi,How Heavy Are the Dumbbells You Lift?,Story,2014
Ichiro Okouchi,Gleipnir,Art,2011
Ichiro Okouchi,DanMachi,Art,2020
Ichiro Okouchi,Kaguya-sama: Love is War,Story,2013
Ichiro Okouchi,Blue Period,Story,2016
Ichiro Okouchi,Barakamon,Art,2013
Ichiro Okouchi,Violet Evergarden,Art,2018
Ichiro Okouchi,"Love, Chunibyo & Other Delusions",Art,2008
Ichiro Okouchi,Angel Beats!,Art,2010
Ichiro Okouchi,Darling in the Franxx,Art,2007
Ichiro Okouchi,Great Pretender,Art,2005
Ichiro Okouchi,Nichijou,Art,2017
Ichiro Okouchi,Sono Bisque Doll wa Koi wo Suru,Art,2007
Ichiro Okouchi,Dr. Stone,Story,2024
Ichiro Okouchi,Lucky Star,Art,2016
Ichiro Okouchi,Hunter x Hunter,Story,2016
Tatsuya Matsubara,Aharen-san wa Hakarenai,Story,2022
Tatsuya Matsubara,Sword Art Online Alternative: Gun Gale Online,Art,2011
Tatsuya Matsubara,ReLIFE,Art,2018
Tatsuya Matsubara,Carole & Tuesday,Art,2018
Tatsuya Matsubara,Classroom of the Elite,Story,2007
Tatsuya Matsubara,No Game No Life,Art,2007
Tatsuya Matsubara,The God of High School,Story,2019
Tatsuya Matsubara,Horimiya,Story,2012
Tatsuya Matsubara,Tamako Market,Story,2018
Tatsuya Matsubara,Ascendance of a Bookworm,Art,2009
Tatsuya Matsubara,Kuroko's Basketball,Art,2006
Tatsuya Matsubara,DanMachi,Art,2020
Tatsuya Matsubara,Bleach,Story,2021
Tatsuya Matsubara,JoJo's Bizarre Adventure,Story,2011
Tatsuya Matsubara,Texhnolyze,Story,2022
Tatsuya Matsubara,Fairy Tail,Story,2021
Tatsuya Matsubara,Black Butler,Art,2021
Tatsuya Matsubara,Angels of Death,Art,2023
Tatsuya Matsubara,Ansatsu Kyoushitsu,Art,2005
Tatsuya Matsubara,Your Name,Art,2022
Tatsuya Matsubara,Great Pretender,Art,2005
Tatsuya Matsubara,Yuri!!! on Ice,Story,2015
Tatsuya Matsubara,Code Geass,Art,2017
Tatsuya Matsubara,Sono Bisque Doll wa Koi wo Suru,Story,2007
Tatsuya Matsubara,Dr. Stone,Story,2024
Tatsuya Matsubara,Free!,Story,2016
Minoru Shiraishi,Sword Art Online Alternative: Gun Gale Online,Art,2011
Minoru Shiraishi,Carole & Tuesday,Art,2018
Minoru Shiraishi,Promised Neverland,Art,2008
Minoru Shiraishi,The Boy and the Beast,Art,2006
Minoru Shiraishi,Domestic Girlfriend,Art,2005
Minoru Shiraishi,Tamako Market,Story,2018
Minoru Shiraishi,Mob Psycho 100,Story,2020
Minoru Shiraishi,Ascendance of a Bookworm,Story,2009
Minoru Shiraishi,How Heavy Are the Dumbbells You Lift?,Story,2014
Minoru Shiraishi,Gleipnir,Art,2011
Minoru Shiraishi,Black Lagoon,Art,2014
Minoru Shiraishi,Kaguya-sama: Love is War,Story,2013
Minoru Shiraishi,Texhnolyze,Art,2022
Minoru Shiraishi,Darwin's Game,Art,2009
Minoru Shiraishi,Black Butler,Art,2021
Minoru Shiraishi,Angels of Death,Story,2023
Minoru Shiraishi,Ansatsu Kyoushitsu,Art,2005
Minoru Shiraishi,Violet Evergarden,Art,2018
Minoru Shiraishi,Steins;Gate,Story,2021
Minoru Shiraishi,Your Name,Art,2022
Minoru Shiraishi,Arte,Story,2022
Minoru Shiraishi,Code Geass,Story,2017
Minoru Shiraishi,Gintama,Art,2006
Atsushi Takahashi,Sword Art Online Alternative: Gun Gale Online,Story,2011
Atsushi Takahashi,Keep Your Hands Off Eizouken!,Story,2008
Atsushi Takahashi,Domestic Girlfriend,Art,2005
Atsushi Takahashi,Ascendance of a Bookworm,Art,2009
Atsushi Takahashi,Your Name,Art,2022
Atsushi Takahashi,Komi Can't Communicate,Story,2013
Atsushi Takahashi,Parasyte: The Maxim,Story,2005
Atsushi Takahashi,Lucky Star,Story,2016
Kei Sanbe,Carole & Tuesday,Art,2018
Kei Sanbe,No Game No Life,Story,2007
Kei Sanbe,Fairy Tail: Final Series,Art,2006
Kei Sanbe,Promised Neverland,Story,2008
Kei Sanbe,Keep Your Hands Off Eizouken!,Art,2008
Kei Sanbe,Domestic Girlfriend,Story,2005
Kei Sanbe,Rising of the Shield Hero,Story,2012
Kei Sanbe,Ascendance of a Bookworm,Art,2009
Kei Sanbe,Kuroko's Basketball,Art,2006
Kei Sanbe,How Heavy Are the Dumbbells You Lift?,Story,2014
Kei Sanbe,Black Lagoon,Art,2014
Kei Sanbe,86 (Eighty-Six),Art,2018
Kei Sanbe,DanMachi,Story,2020
Kei Sanbe,Nagatoro,Story,2007
Kei Sanbe,Ansatsu Kyoushitsu,Story,2005
Kei Sanbe,Violet Evergarden,Art,2018
Kei Sanbe,Angel Beats!,Story,2010
Kei Sanbe,Your Lie in April,Story,2007
Kei Sanbe,Yuri!!! on Ice,Story,2015
Kei Sanbe,Eden of the East,Art,2006
Kei Sanbe,Neon Genesis Evangelion,Art,2023
Kei Sanbe,Nichijou,Story,2017
Kei Sanbe,Dr. Stone,Art,2024
Kei Sanbe,Free!,Art,2016
Kei Sanbe,Banana Fish,Art,2022
Kei Sanbe,Trigun,Art,2023
Mayumi Shintani,The Ancient Magus' Bride,Art,2012
Mayumi Shintani,No Game No Life,Art,2007
Mayumi Shintani,Promised Neverland,Art,2008
Mayumi Shintani,Horimiya,Story,2012
Mayumi Shintani,Domestic Girlfriend,Art,2005
Mayumi Shintani,Black Lagoon,Art,2014
Mayumi Shintani,DanMachi,Story,2020
Mayumi Shintani,Plastic Memories,Art,2005
Mayumi Shintani,Angels of Death,Art,2023
Mayumi Shintani,Nagatoro,Story,2007
Mayumi Shintani,Oregairu,Art,2024
Mayumi Shintani,Barakamon,Story,2013
Mayumi Shintani,"Love, Chunibyo & Other Delusions",Story,2008
Mayumi Shintani,Your Name,Story,2022
Mayumi Shintani,Darling in the Franxx,Art,2007
Mayumi Shintani,Your Lie in April,Art,2007
Mayumi Shintani,K-On!,Story,2016
Mayumi Shintani,Sword Art Online: Alicization,Art,2009
Mayumi Shintani,Code Geass,Story,2017
Mayumi Shintani,Gintama,Story,2006
Manaka Iwami,Classroom of the Elite,Story,2007
Manaka Iwami,No Game No Life,Story,2007
Manaka Iwami,Mob Psycho 100,Art,2020
Manaka Iwami,Kuroko's Basketball,Story,2006
Manaka Iwami,Black Lagoon,Art,2014
Manaka Iwami,The Melancholy of Haruhi Suzumiya,Story,2006
Manaka Iwami,Plastic Memories,Story,2005
Manaka Iwami,JoJo's Bizarre Adventure,Story,2011
Manaka Iwami,Kaguya-sama: Love is War,Story,2013
Manaka Iwami,Black Butler,Art,2021
Manaka Iwami,Monogatari Series,Art,2011
Manaka Iwami,Angels of Death,Art,2023
Manaka Iwami,Blue Period,Art,2016
Manaka Iwami,Oregairu,Story,2024
Manaka Iwami,Violet Evergarden,Art,2018
Manaka Iwami,Angel Beats!,Story,2010
Manaka Iwami,Darling in the Franxx,Art,2007
Manaka Iwami,Komi Can't Communicate,Story,2013
Manaka Iwami,Arte,Art,2022
Manaka Iwami,Neon Genesis Evangelion,Art,2023
Manaka Iwami,Code Geass,Art,2017
Manaka Iwami,Lucky Star,Story,2016
Manaka Iwami,Banana Fish,Story,2022
Manaka Iwami,Hunter x Hunter,Story,2016
Manaka Iwami,Trigun,Story,2023
Yuji Shibata,Sword Art Online Alternative: Gun Gale Online,Art,2011
Yuji Shibata,Classroom of the Elite,Art,2007
Yuji Shibata,Fairy Tail: Final Series,Art,2006
Yuji Shibata,Keep Your Hands Off Eizouken!,Story,2008
Yuji Shibata,Domestic Girlfriend,Story,2005
Yuji Shibata,Naruto,Story,2021
Yuji Shibata,How Heavy Are the Dumbbells You Lift?,Art,2014
Yuji Shibata,Gleipnir,Art,2011
Yuji Shibata,Gamers!,Art,2021
Yuji Shibata,DanMachi,Story,2020
Yuji Shibata,JoJo's Bizarre Adventure,Art,2011
Yuji Shibata,Texhnolyze,Art,2022
Yuji Shibata,Fairy Tail,Story,2021
Yuji Shibata,"Love, Chunibyo & Other Delusions",Story,2008
Yuji Shibata,Your Name,Story,2022
Yuji Shibata,Angel Beats!,Story,2010
Yuji Shibata,Darling in the Franxx,Art,2007
Yuji Shibata,Sword Art Online: Alicization,Story,2009
Yuji Shibata,Code Geass,Art,2017
Yuji Shibata,Gintama,Story,2006
Yuji Shibata,Free!,Art,2016
Natsume Akatsuki,ReLIFE,Story,2018
Natsume Akatsuki,Noblesse,Story,2022
Natsume Akatsuki,Carole & Tuesday,Art,2018
Natsume Akatsuki,The God of High School,Art,2019
Natsume Akatsuki,Dororo,Art,2005
Natsume Akatsuki,My Next Life as a Villainess,Art,2011
Natsume Akatsuki,Rising of the Shield Hero,Art,2012
Natsume Akatsuki,The Melancholy of Haruhi Suzumiya,Story,2006
Natsume Akatsuki,86 (Eighty-Six),Story,2018
Natsume Akatsuki,DanMachi,Story,2020
Natsume Akatsuki,Darwin's Game,Art,2009
Natsume Akatsuki,Blue Period,Story,2016
Natsume Akatsuki,Barakamon,Art,2013
Natsume Akatsuki,Steins;Gate,Story,2021
Natsume Akatsuki,K-On!,Art,2016
Natsume Akatsuki,Neon Genesis Evangelion,Story,2023
Natsume Akatsuki,Cowboy Bebop,Story,2008
Satsuki Yoshino,Aharen-san wa Hakarenai,Art,2022
Satsuki Yoshino,Sword Art Online Alternative: Gun Gale Online,Story,2011
Satsuki Yoshino,ReLIFE,Art,2018
Satsuki Yoshino,Noblesse,Art,2022
Satsuki Yoshino,Keep Your Hands Off Eizouken!,Art,2008
Satsuki Yoshino,Cautious Hero,Story,2014
Satsuki Yoshino,The Boy and the Beast,Story,2006
Satsuki Yoshino,Tamako Market,Art,2018
Satsuki Yoshino,Naruto,Story,2021
Satsuki Yoshino,The Melancholy of Haruhi Suzumiya,Story,2006
Satsuki Yoshino,DanMachi,Story,2020
Satsuki Yoshino,JoJo's Bizarre Adventure,Story,2011
Satsuki Yoshino,Darwin's Game,Art,2009
Satsuki Yoshino,Blue Period,Story,2016
Satsuki Yoshino,Oregairu,Story,2024
Satsuki Yoshino,Barakamon,Story,2013
Satsuki Yoshino,Your Name,Story,2022
Satsuki Yoshino,Your Lie in April,Art,2007
Satsuki Yoshino,Yuri!!! on Ice,Art,2015
Satsuki Yoshino,Sono Bisque Doll wa Koi wo Suru,Story,2007
Satsuki Yoshino,Fate/Stay Night,Art,2009
Satsuki Yoshino,Free!,Art,2016
Satsuki Yoshino,Banana Fish,Art,2022
Kumo Kagyu,Sword Art Online Alternative: Gun Gale Online,Story,2011
Kumo Kagyu,Fairy Tail: Final Series,Story,2006
Kumo Kagyu,Keep Your Hands Off Eizouken!,Story,2008
Kumo Kagyu,The Boy and the Beast,Story,2006
Kumo Kagyu,Kuroko's Basketball,Art,2006
Kumo Kagyu,Gamers!,Art,2021
Kumo Kagyu,JoJo's Bizarre Adventure,Story,2011
Kumo Kagyu,Texhnolyze,Art,2022
Kumo Kagyu,Fairy Tail,Story,2021
Kumo Kagyu,Blue Period,Story,2016
Kumo Kagyu,A Certain Scientific Railgun,Art,2016
Kumo Kagyu,Your Name,Story,2022
Kumo Kagyu,Angel Beats!,Story,2010
Kumo Kagyu,Darling in the Franxx,Art,2007
Kumo Kagyu,Your Lie in April,Art,2007
Kumo Kagyu,K-On!,Story,2016
Kumo Kagyu,Great Pretender,Story,2005
Kumo Kagyu,Yuri!!! on Ice,Art,2015
Kumo Kagyu,Sword Art Online: Alicization,Story,2009
Kumo Kagyu,Lucky Star,Story,2016
Kumo Kagyu,Fate/Stay Night,Story,2009
Kumo Kagyu,Banana Fish,Story,2022
Kumo Kagyu,Hunter x Hunter,Art,2016
Shinichiro Inoue,The Ancient Magus' Bride,Story,2012
Shinichiro Inoue,Aharen-san wa Hakarenai,Story,2022
Shinichiro Inoue,Sword Art Online Alternative: Gun Gale Online,Art,2011
Shinichiro Inoue,Carole & Tuesday,Art,2018
Shinichiro Inoue,No Game No Life,Story,2007
Shinichiro Inoue,The God of High School,Art,2019
Shinichiro Inoue,Domestic Girlfriend,Art,2005
Shinichiro Inoue,Rising of the Shield Hero,Story,2012
Shinichiro Inoue,Plastic Memories,Art,2005
Shinichiro Inoue,Texhnolyze,Art,2022
Shinichiro Inoue,Monogatari Series,Story,2011
Shinichiro Inoue,Ansatsu Kyoushitsu,Art,2005
Shinichiro Inoue,Arte,Art,2022
Shinichiro Inoue,Neon Genesis Evangelion,Art,2023
Shinichiro Inoue,Lucky Star,Art,2016
Shinichiro Inoue,Hunter x Hunter,Art,2016
Kaiu Shirai & Posuka Demizu,Aharen-san wa Hakarenai,Art,2022
Kaiu Shirai & Posuka Demizu,Noblesse,Story,2022
Kaiu Shirai & Posuka Demizu,Carole & Tuesday,Story,2018
Kaiu Shirai & Posuka Demizu,No Game No Life,Story,2007
Kaiu Shirai & Posuka Demizu,The God of High School,Story,2019
Kaiu Shirai & Posuka Demizu,The Boy and the Beast,Art,2006
Kaiu Shirai & Posuka Demizu,Horimiya,Art,2012
Kaiu Shirai & Posuka Demizu,Dororo,Art,2005
Kaiu Shirai & Posuka Demizu,Naruto,Story,2021
Kaiu Shirai & Posuka Demizu,Kuroko's Basketball,Art,2006
Kaiu Shirai & Posuka Demizu,How Heavy Are the Dumbbells You Lift?,Art,2014
Kaiu Shirai & Posuka Demizu,Gamers!,Story,2021
Kaiu Shirai & Posuka Demizu,DanMachi,Art,2020
Kaiu Shirai & Posuka Demizu,"Love, Chunibyo & Other Delusions",Story,2008
Kaiu Shirai & Posuka Demizu,Darling in the Franxx,Story,2007
Kaiu Shirai & Posuka Demizu,Arte,Art,2022
Kaiu Shirai & Posuka Demizu,Nichijou,Story,2017
Kaiu Shirai & Posuka Demizu,Gintama,Art,2006
Gen Urobuchi,The Ancient Magus' Bride,Story,2012
Gen Urobuchi,ReLIFE,Story,2018
Gen Urobuchi,Noblesse,Story,2022
Gen Urobuchi,Cautious Hero,Art,2014
Gen Urobuchi,Tamako Market,Art,2018
Gen Urobuchi,Dororo,Story,2005
Gen Urobuchi,Naruto,Story,2021
Gen Urobuchi,Ascendance of a Bookworm,Art,2009
Gen Urobuchi,Gleipnir,Story,2011
Gen Urobuchi,Gamers!,Story,2021
Gen Urobuchi,The Melancholy of Haruhi Suzumiya,Art,2006
Gen Urobuchi,86 (Eighty-Six),Art,2018
Gen Urobuchi,Blue Period,Story,2016
Gen Urobuchi,Barakamon,Story,2013
Gen Urobuchi,Great Pretender,Story,2005
Gen Urobuchi,Yuri!!! on Ice,Story,2015
Gen Urobuchi,Code Geass,Story,2017
Gen Urobuchi,Sono Bisque Doll wa Koi wo Suru,Art,2007
Gen Urobuchi,Hunter x Hunter,Story,2016
Hajime Yatate,Noblesse,Art,2022
Hajime Yatate,Carole & Tuesday,Story,2018
Hajime Yatate,Fairy Tail: Final Series,Art,2006
Hajime Yatate,Cautious Hero,Story,2014
Hajime Yatate,Domestic Girlfriend,Art,2005
Hajime Yatate,Ascendance of a Bookworm,Art,2009
Hajime Yatate,The Melancholy of Haruhi Suzumiya,Story,2006
Hajime Yatate,Fairy Tail,Art,2021
Hajime Yatate,Black Butler,Story,2021
Hajime Yatate,Oregairu,Story,2024
Hajime Yatate,Steins;Gate,Story,2021
Hajime Yatate,Your Name,Story,2022
Hajime Yatate,Darling in the Franxx,Art,2007
Hajime Yatate,Code Geass,Art,2017
Hajime Yatate,Dr. Stone,Art,2024
Hajime Yatate,Lucky Star,Art,2016
Hiroshi Ōsaka,ReLIFE,Story,2018
Hiroshi Ōsaka,Classroom of the Elite,Art,2007
Hiroshi Ōsaka,No Game No Life,Story,2007
Hiroshi Ōsaka,The God of High School,Art,2019
Hiroshi Ōsaka,Promised Neverland,Art,2008
Hiroshi Ōsaka,Keep Your Hands Off Eizouken!,Story,2008
Hiroshi Ōsaka,Dororo,Art,2005
Hiroshi Ōsaka,Rising of the Shield Hero,Story,2012
Hiroshi Ōsaka,Black Lagoon,Art,2014
Hiroshi Ōsaka,86 (Eighty-Six),Story,2018
Hiroshi Ōsaka,Plastic Memories,Art,2005
Hiroshi Ōsaka,Bleach,Story,2021
Hiroshi Ōsaka,Fairy Tail,Art,2021
Hiroshi Ōsaka,Monogatari Series,Art,2011
Hiroshi Ōsaka,Nagatoro,Story,2007
Hiroshi Ōsaka,Violet Evergarden,Story,2018
Hiroshi Ōsaka,Your Name,Art,2022
Hiroshi Ōsaka,Darling in the Franxx,Story,2007
Hiroshi Ōsaka,Komi Can't Communicate,Story,2013
Hiroshi Ōsaka,K-On!,Art,2016
Hiroshi Ōsaka,Arte,Story,2022
Hiroshi Ōsaka,Code Geass,Art,2017
Hiroshi Ōsaka,Parasyte: The Maxim,Story,2005
Hiroshi Ōsaka,Dr. Stone,Story,2024
Hiroshi Ōsaka,Gintama,Art,2006
Hiroshi Ōsaka,Free!,Story,2016
Osamu Tezuka,The Ancient Magus' Bride,Art,2012
Osamu Tezuka,Aharen-san wa Hakarenai,Art,2022
Osamu Tezuka,ReLIFE,Story,2018
Osamu Tezuka,Noblesse,Story,2022
Osamu Tezuka,Classroom of the Elite,Story,2007
Osamu Tezuka,No Game No Life,Art,2007
Osamu Tezuka,The Boy and the Beast,Art,2006
Osamu Tezuka,Tamako Market,Story,2018
Osamu Tezuka,My Next Life as a Villainess,Art,2011
Osamu Tezuka,Naruto,Art,2021
Osamu Tezuka,How Heavy Are the Dumbbells You Lift?,Story,2014
Osamu Tezuka,Darwin's Game,Story,2009
Osamu Tezuka,Angels of Death,Story,2023
Osamu Tezuka,Barakamon,Art,2013
Osamu Tezuka,Steins;Gate,Art,2021
Osamu Tezuka,Angel Beats!,Story,2010
Osamu Tezuka,Darling in the Franxx,Art,2007
Osamu Tezuka,Komi Can't Communicate,Story,2013
Osamu Tezuka,Your Lie in April,Story,2007
Osamu Tezuka,Arte,Art,2022
Osamu Tezuka,Parasyte: The Maxim,Story,2005
Osamu Tezuka,Nichijou,Art,2017
Osamu Tezuka,Sono Bisque Doll wa Koi wo Suru,Story,2007
Osamu Tezuka,Dr. Stone,Art,2024
Osamu Tezuka,Gintama,Story,2006
Osamu Tezuka,Free!,Art,2016
Osamu Tezuka,Hunter x Hunter,Art,2016
Kazue Kato,Aharen-san wa Hakarenai,Story,2022
Kazue Kato,ReLIFE,Story,2018
Kazue Kato,Noblesse,Art,2022
Kazue Kato,The God of High School,Story,2019
Kazue Kato,Keep Your Hands Off Eizouken!,Story,2008
Kazue Kato,Domestic Girlfriend,Art,2005
Kazue Kato,Dororo,Art,2005
Kazue Kato,My Next Life as a Villainess,Story,2011
Kazue Kato,Rising of the Shield Hero,Story,2012
Kazue Kato,Mob Psycho 100,Story,2020
Kazue Kato,How Heavy Are the Dumbbells You Lift?,Art,2014
Kazue Kato,DanMachi,Art,2020
Kazue Kato,Bleach,Art,2021
Kazue Kato,Barakamon,Art,2013
Kazue Kato,"Love, Chunibyo & Other Delusions",Story,2008
Kazue Kato,Sword Art Online: Alicization,Art,2009
Kazue Kato,Eden of the East,Art,2006
Kazue Kato,Arte,Art,2022
Kazue Kato,Code Geass,Story,2017
Kazue Kato,Parasyte: The Maxim,Story,2005
Kazue Kato,Free!,Story,2016
Kazue Kato,Banana Fish,Art,2022
Makoto Yukimura,Aharen-san wa Hakarenai,Story,2022
Makoto Yukimura,Classroom of the Elite,Story,2007
Makoto Yukimura,No Game No Life,Story,2007
Makoto Yukimura,Rising of the Shield Hero,Art,2012
Makoto Yukimura,The Melancholy of Haruhi Suzumiya,Art,2006
Makoto Yukimura,JoJo's Bizarre Adventure,Story,2011
Makoto Yukimura,Nagatoro,Art,2007
Makoto Yukimura,Violet Evergarden,Art,2018
Makoto Yukimura,K-On!,Story,2016
Makoto Yukimura,Yuri!!! on Ice,Story,2015
Makoto Yukimura,Eden of the East,Art,2006
Makoto Yukimura,Parasyte: The Maxim,Art,2005
Makoto Yukimura,Sono Bisque Doll wa Koi wo Suru,Story,2007
Makoto Yukimura,Gintama,Story,2006
Makoto Yukimura,Lucky Star,Story,2016
Kumo Kagyu,Carole & Tuesday,Story,2018
Kumo Kagyu,Classroom of the Elite,Art,2007
Kumo Kagyu,Cautious Hero,Art,2014
Kumo Kagyu,Horimiya,Story,2012
Kumo Kagyu,Tamako Market,Art,2018
Kumo Kagyu,Dororo,Story,2005
Kumo Kagyu,My Next Life as a Villainess,Art,2011
Kumo Kagyu,Rising of the Shield Hero,Story,2012
Kumo Kagyu,How Heavy Are the Dumbbells You Lift?,Art,2014
Kumo Kagyu,Kaguya-sama: Love is War,Story,2013
Kumo Kagyu,Barakamon,Story,2013
Kumo Kagyu,Violet Evergarden,Art,2018
Kumo Kagyu,Komi Can't Communicate,Art,2013
Kumo Kagyu,Arte,Art,2022
Kumo Kagyu,Parasyte: The Maxim,Art,2005
Kumo Kagyu,Dr. Stone,Art,2024
Kumo Kagyu,Trigun,Story,2023
Kumo Kagyu,Cowboy Bebop,Art,2008
Shinichi Matsuki,ReLIFE,Story,2018
Shinichi Matsuki,Noblesse,Art,2022
Shinichi Matsuki,Carole & Tuesday,Story,2018
Shinichi Matsuki,Tamako Market,Story,2018
Shinichi Matsuki,Dororo,Art,2005
Shinichi Matsuki,How Heavy Are the Dumbbells You Lift?,Story,2014
Shinichi Matsuki,Gamers!,Art,2021
Shinichi Matsuki,Black Lagoon,Art,2014
Shinichi Matsuki,The Melancholy of Haruhi Suzumiya,Art,2006
Shinichi Matsuki,86 (Eighty-Six),Story,2018
Shinichi Matsuki,Plastic Memories,Art,2005
Shinichi Matsuki,Kaguya-sama: Love is War,Art,2013
Shinichi Matsuki,Black Butler,Story,2021
Shinichi Matsuki,"Love, Chunibyo & Other Delusions",Story,2008
Shinichi Matsuki,Your Name,Art,2022
Shinichi Matsuki,Angel Beats!,Story,2010
Shinichi Matsuki,Your Lie in April,Art,2007
Shinichi Matsuki,K-On!,Story,2016
Shinichi Matsuki,Great Pretender,Story,2005
Shinichi Matsuki,Yuri!!! on Ice,Art,2015
Shinichi Matsuki,Banana Fish,Art,2022
Shinichi Matsuki,Hunter x Hunter,Art,2016
Kyo Shirodaira,Sword Art Online Alternative: Gun Gale Online,Art,2011
Kyo Shirodaira,Noblesse,Art,2022
Kyo Shirodaira,Keep Your Hands Off Eizouken!,Art,2008
Kyo Shirodaira,Cautious Hero,Story,2014
Kyo Shirodaira,Tamako Market,Art,2018
Kyo Shirodaira,My Next Life as a Villainess,Story,2011
Kyo Shirodaira,Kuroko's Basketball,Art,2006
Kyo Shirodaira,How Heavy Are the Dumbbells You Lift?,Story,2014
Kyo Shirodaira,Gleipnir,Story,2011
Kyo Shirodaira,JoJo's Bizarre Adventure,Art,2011
Kyo Shirodaira,Blue Period,Story,2016
Kyo Shirodaira,Oregairu,Story,2024
Kyo Shirodaira,Violet Evergarden,Story,2018
Kyo Shirodaira,Angel Beats!,Art,2010
Kyo Shirodaira,K-On!,Art,2016
Kyo Shirodaira,Great Pretender,Art,2005
Kyo Shirodaira,Sword Art Online: Alicization,Art,2009
Kyo Shirodaira,Arte,Art,2022
Kyo Shirodaira,Banana Fish,Story,2022
Kyo Shirodaira,Hunter x Hunter,Art,2016
Yoshio Ookouchi,Carole & Tuesday,Art,2018
Yoshio Ookouchi,No Game No Life,Story,2007
Yoshio Ookouchi,The God of High School,Art,2019
Yoshio Ookouchi,Fairy Tail: Final Series,Art,2006
Yoshio Ookouchi,Keep Your Hands Off Eizouken!,Story,2008
Yoshio Ookouchi,The Boy and the Beast,Art,2006
Yoshio Ookouchi,Tamako Market,Story,2018
Yoshio Ookouchi,Dororo,Art,2005
Yoshio Ookouchi,Gleipnir,Story,2011
Yoshio Ookouchi,Gamers!,Story,2021
Yoshio Ookouchi,86 (Eighty-Six),Story,2018
Yoshio Ookouchi,Kaguya-sama: Love is War,Art,2013
Yoshio Ookouchi,Black Butler,Art,2021
Yoshio Ookouchi,Oregairu,Story,2024
Yoshio Ookouchi,Darling in the Franxx,Art,2007
Yoshio Ookouchi,Dr. Stone,Art,2024
Yoshio Ookouchi,Gintama,Story,2006
Yoshio Ookouchi,Lucky Star,Art,2016
Yoshio Ookouchi,Banana Fish,Art,2022
Yoshio Ookouchi,Cowboy Bebop,Art,2008
Kei Sanbe,The Ancient Magus' Bride,Story,2012
Kei Sanbe,Aharen-san wa Hakarenai,Art,2022
Kei Sanbe,ReLIFE,Art,2018
Kei Sanbe,Classroom of the Elite,Art,2007
Kei Sanbe,The Boy and the Beast,Story,2006
Kei Sanbe,Tamako Market,Story,2018
Kei Sanbe,Dororo,Art,2005
Kei Sanbe,Mob Psycho 100,Art,2020
Kei Sanbe,Gamers!,Story,2021
Kei Sanbe,Texhnolyze,Story,2022
Kei Sanbe,A Certain Scientific Railgun,Story,2016
Kei Sanbe,"Love, Chunibyo & Other Delusions",Art,2008
Kei Sanbe,K-On!,Art,2016
Kei Sanbe,Parasyte: The Maxim,Art,2005
Kei Sanbe,Gintama,Art,2006
Kei Sanbe,Fate/Stay Night,Story,2009
Kei Sanbe,The God of High School,Art,2019
Kei Sanbe,Naruto,Story,2021
Kei Sanbe,The Melancholy of Haruhi Suzumiya,Story,2006
Kei Sanbe,Plastic Memories,Art,2005
Kei Sanbe,JoJo's Bizarre Adventure,Art,2011
Kei Sanbe,Kaguya-sama: Love is War,Art,2013
Kei Sanbe,Black Butler,Story,2021
Kei Sanbe,Your Name,Story,2022
Kei Sanbe,Great Pretender,Art,2005
Kei Sanbe,Arte,Art,2022
Ryunosuke Kamiki,ReLIFE,Art,2018
Ryunosuke Kamiki,Noblesse,Story,2022
Ryunosuke Kamiki,No Game No Life,Story,2007
Ryunosuke Kamiki,The God of High School,Story,2019
Ryunosuke Kamiki,The Boy and the Beast,Art,2006
Ryunosuke Kamiki,Dororo,Art,2005
Ryunosuke Kamiki,Barakamon,Story,2013
Ryunosuke Kamiki,Your Lie in April,Story,2007
Ryunosuke Kamiki,Lucky Star,Art,2016
Ryunosuke Kamiki,Fate/Stay Night,Art,2009
Tsutomu Mizushima,Aharen-san wa Hakarenai,Art,2022
Tsutomu Mizushima,Carole & Tuesday,Story,2018
Tsutomu Mizushima,Horimiya,Art,2012
Tsutomu Mizushima,My Next Life as a Villainess,Story,2011
Tsutomu Mizushima,Mob Psycho 100,Art,2020
Tsutomu Mizushima,Naruto,Story,2021
Tsutomu Mizushima,Ascendance of a Bookworm,Story,2009
Tsutomu Mizushima,Black Lagoon,Art,2014
Tsutomu Mizushima,DanMachi,Art,2020
Tsutomu Mizushima,Plastic Memories,Art,2005
Tsutomu Mizushima,Kaguya-sama: Love is War,Art,2013
Tsutomu Mizushima,A Certain Scientific Railgun,Art,2016
Tsutomu Mizushima,Oregairu,Story,2024
Tsutomu Mizushima,"Love, Chunibyo & Other Delusions",Art,2008
Tsutomu Mizushima,Your Name,Art,2022
Tsutomu Mizushima,Komi Can't Communicate,Art,2013
Tsutomu Mizushima,K-On!,Story,2016
Tsutomu Mizushima,Code Geass,Story,2017
Tsutomu Mizushima,Dr. Stone,Art,2024
Tsutomu Mizushima,Fate/Stay Night,Story,2009
Tsutomu Mizushima,Banana Fish,Art,2022
Kei Sanbe,Sword Art Online Alternative: Gun Gale Online,Art,2011
Kei Sanbe,Gleipnir,Story,2011
Kei Sanbe,Monogatari Series,Art,2011
Kei Sanbe,Blue Period,Art,2016
Kei Sanbe,Hunter x Hunter,Art,2016
Kei Sanbe,Cowboy Bebop,Story,2008
Yuichiro Hayashi,The Ancient Magus' Bride,Art,2012
Yuichiro Hayashi,Classroom of the Elite,Art,2007
Yuichiro Hayashi,The God of High School,Story,2019
Yuichiro Hayashi,Cautious Hero,Art,2014
Yuichiro Hayashi,The Boy and the Beast,Story,2006
Yuichiro Hayashi,Rising of the Shield Hero,Art,2012
Yuichiro Hayashi,Mob Psycho 100,Story,2020
Yuichiro Hayashi,Ascendance of a Bookworm,Story,2009
Yuichiro Hayashi,How Heavy Are the Dumbbells You Lift?,Story,2014
Yuichiro Hayashi,Gamers!,Art,2021
Yuichiro Hayashi,The Melancholy of Haruhi Suzumiya,Art,2006
Yuichiro Hayashi,86 (Eighty-Six),Art,2018
Yuichiro Hayashi,Texhnolyze,Art,2022
Yuichiro Hayashi,Blue Period,Story,2016
Yuichiro Hayashi,Oregairu,Story,2024
Yuichiro Hayashi,Violet Evergarden,Art,2018
Yuichiro Hayashi,Steins;Gate,Art,2021
Yuichiro Hayashi,Great Pretender,Art,2005
Yuichiro Hayashi,Yuri!!! on Ice,Story,2015
Yuichiro Hayashi,Eden of the East,Art,2006
Yuichiro Hayashi,Arte,Story,2022
Yuichiro Hayashi,Code Geass,Art,2017
Yuichiro Hayashi,Parasyte: The Maxim,Art,2005
Yuichiro Hayashi,Lucky Star,Story,2016
Yuichiro Hayashi,Fate/Stay Night,Story,2009
Yoshio Ookouchi,Aharen-san wa Hakarenai,Art,2022
Yoshio Ookouchi,Sword Art Online Alternative: Gun Gale Online,Story,2011
Yoshio Ookouchi,Ascendance of a Bookworm,Story,2009
Yoshio Ookouchi,Black Lagoon,Art,2014
Yoshio Ookouchi,DanMachi,Art,2020
Yoshio Ookouchi,JoJo's Bizarre Adventure,Art,2011
Yoshio Ookouchi,Ansatsu Kyoushitsu,Story,2005
Yoshio Ookouchi,A Certain Scientific Railgun,Story,2016
Yoshio Ookouchi,Komi Can't Communicate,Art,2013
Yoshio Ookouchi,Your Lie in April,Art,2007
Yoshio Ookouchi,Sword Art Online: Alicization,Art,2009
Yoshio Ookouchi,Neon Genesis Evangelion,Art,2023
Yoshio Ookouchi,Sono Bisque Doll wa Koi wo Suru,Story,2007
Fujino Omori,Noblesse,Story,2022
Fujino Omori,Keep Your Hands Off Eizouken!,Art,2008
Fujino Omori,The Boy and the Beast,Story,2006
Fujino Omori,Kuroko's Basketball,Story,2006
Fujino Omori,DanMachi,Art,2020
Fujino Omori,Bleach,Story,2021
Fujino Omori,Kaguya-sama: Love is War,Art,2013
Fujino Omori,Darwin's Game,Story,2009
Fujino Omori,Angels of Death,Story,2023
Fujino Omori,Violet Evergarden,Art,2018
Fujino Omori,Steins;Gate,Story,2021
Fujino Omori,Your Name,Story,2022
Fujino Omori,Angel Beats!,Art,2010
Fujino Omori,Great Pretender,Art,2005
Fujino Omori,Eden of the East,Art,2006
Fujino Omori,Neon Genesis Evangelion,Story,2023
Fujino Omori,Lucky Star,Story,2016
Fujino Omori,Free!,Art,2016
Fujino Omori,Banana Fish,Story,2022
Fujino Omori,Hunter x Hunter,Story,2016
Fujino Omori,Trigun,Art,2023
Ryosuke Nishii,The Ancient Magus' Bride,Story,2012
Ryosuke Nishii,The God of High School,Art,2019
Ryosuke Nishii,The Boy and the Beast,Story,2006
Ryosuke Nishii,Mob Psycho 100,Story,2020
Ryosuke Nishii,Gamers!,Story,2021
Ryosuke Nishii,DanMachi,Story,2020
Ryosuke Nishii,Nagatoro,Art,2007
Ryosuke Nishii,Steins;Gate,Art,2021
Ryosuke Nishii,Your Name,Story,2022
Ryosuke Nishii,Darling in the Franxx,Story,2007
Ryosuke Nishii,Dr. Stone,Story,2024
Ryosuke Nishii,Fate/Stay Night,Story,2009
Ryosuke Nishii,Banana Fish,Art,2022
Ryosuke Nishii,Hunter x Hunter,Art,2016
Ryosuke Nishii,Trigun,Story,2023
Ryosuke Nishii,Cowboy Bebop,Art,2008
SIU,Carole & Tuesday,Story,2018
SIU,Classroom of the Elite,Story,2007
SIU,No Game No Life,Story,2007
SIU,Promised Neverland,Art,2008
SIU,Tamako Market,Story,2018
SIU,Naruto,Art,2021
SIU,Ascendance of a Bookworm,Story,2009
SIU,Gleipnir,Art,2011
SIU,Kaguya-sama: Love is War,Art,2013
SIU,Ansatsu Kyoushitsu,Art,2005
SIU,Barakamon,Story,2013
SIU,Neon Genesis Evangelion,Story,2023
SIU,Lucky Star,Story,2016
SIU,Cowboy Bebop,Story,2008
Akimi Yoshida,Carole & Tuesday,Story,2018
Akimi Yoshida,No Game No Life,Story,2007
Akimi Yoshida,The God of High School,Art,2019
Akimi Yoshida,Promised Neverland,Story,2008
Akimi Yoshida,Keep Your Hands Off Eizouken!,Story,2008
Akimi Yoshida,Rising of the Shield Hero,Story,2012
Akimi Yoshida,Black Lagoon,Art,2014
Akimi Yoshida,Angels of Death,Art,2023
Akimi Yoshida,Ansatsu Kyoushitsu,Story,2005
Akimi Yoshida,A Certain Scientific Railgun,Art,2016
Akimi Yoshida,Barakamon,Story,2013
Akimi Yoshida,K-On!,Story,2016
Akimi Yoshida,Great Pretender,Art,2005
Akimi Yoshida,Sword Art Online: Alicization,Story,2009
Akimi Yoshida,Eden of the East,Art,2006
Akimi Yoshida,Sono Bisque Doll wa Koi wo Suru,Art,2007
Akimi Yoshida,Free!,Art,2016
Akimi Yoshida,Hunter x Hunter,Story,2016
Akimi Yoshida,Trigun,Art,2023
Akimi Yoshida,Cowboy Bebop,Art,2008
