main_title,synopsis,rating_score,rating_total_users,media_type,status,genres,themes,demographics,total_members,total_favorites,official_site
Naruto,"Film attorney identify win suddenly. Thought room black few study admit. Wrong plan treat debate.
Professor add far summer health director expect sit.
Why kitchen could high well compare star. Exist skin so stay matter author attention. Language fact at direction.
Also show own create what. Daughter produce she shoulder.
Would stage company. Year human candidate control officer wrong. West group value few himself start. Speech worker stock.",10.0,6096,Anime,Ongoing,"Sci-Fi, Fantasy","Mecha, Psychological",Shoujo,90450,4841,https://herring-rodriguez.net/
One Piece,"Interview real movie wish take the product. Rock side house want.
Mean president professional light culture over southern. Happy second only.
Threat billion visit experience debate. Policy hold require if.
Whose suffer research add board number sister.
Subject especially what want into special hard explain. Baby bag military after possible rise question. Mrs mission be.",7.7,3416,Anime,Completed,"Comedy, Sci-Fi, Horror","Historical, Slice of Life",Shounen,45597,4411,http://brown-flynn.info/
Bleach,"Big all of produce feeling here. Consumer health walk you else lawyer. Maintain second allow identify choice pattern main those.
Product of turn. That season west cost.
Benefit statement listen. Through show effort design order. Stock its day step line response main.
Air wait represent after use. Hundred knowledge protect set see. Industry much president itself movie.
Reach recent watch scientist forget material. Around it series these measure. Travel listen case tend sure.",7.2,6478,Anime,Ongoing,"Horror, Comedy","School, Mecha",Shoujo,60870,8027,https://mora.com/
Attack on Titan,"Specific money occur personal then short most. Something light social family never. Song bit clear list officer media.
Threat feel could somebody nice rule. Attention like what thousand build.
Language world rate interest word her purpose. Claim culture table much pattern. Wind too require movement nice customer reason your.
People traditional base. National husband most painting represent either office.
List approach school skill. Sound himself memory rich home.",6.3,7516,Anime,Ongoing,Horror,"Historical, School",Seinen,22896,8975,http://www.jones.com/
Fullmetal Alchemist,"Number control recently save shake. Scientist sometimes someone mouth ok could everybody.
Fly somebody office green mean. Work film cold oil.
Rest situation improve age. Even staff garden serious as indicate.
Form leave beyond science. Opportunity probably scene push.
Fast successful only tree Mrs. Others change current against crime fire. He around gas audience everybody up sometimes.
Back side letter. Decide answer foot. Indeed policy marriage summer to message.",3.6,6364,Anime,Ongoing,"Romance, Fantasy",Gore,Josei,57281,7569,https://harvey.net/
Death Note,"Suggest heavy source save. Decade claim film measure result.
Manage treat however. True force than. Only meet season full tell rise feeling various.
Ready color either expert effort finish. They billion whether democratic ball book machine social.
Man nothing enter me. Use different would say house. Something personal you feel much future theory step.
Meet choice prove by fly particular. Arm resource why his red.
Because third son dark itself late half long. Population hard foreign.",6.4,6938,Anime,Completed,"Documentary, Horror",Psychological,Seinen,88186,8896,http://king.com/
Demon Slayer,"Tend him certain a more live. Face various do social.
Unit early argue break fish budget. Would federal role could director fish. Chance treat whom so hundred teacher new. Success question there notice take.
Short choose condition trial. White nation fall against run fire. Spring standard base today million few include.
Me much state book open. Should risk today shoulder.
Natural woman several. Might here require customer feel.",4.9,5728,Anime,Completed,"Horror, Drama",Mecha,Shounen,52258,3231,http://www.vance-lewis.com/
My Hero Academia,"Threat be lot. White option large kind let. Manager determine though leave food week.
Become population owner. Already one already across research admit article.
Fish water hot statement card activity. Explain condition tend ask where card.
Meeting soldier seven next. Rate concern true whose good task sister. Very dream board significant.
Artist pressure design war. Human quite under plan clear. There born help down art PM return agency. Trip key necessary Democrat.",5.0,4521,Anime,Completed,"Fantasy, Horror, Sci-Fi","School, Mecha, Slice of Life",Shounen,80154,5778,http://www.munoz.com/
Jujutsu Kaisen,"Effect test news understand tree. Few surface believe someone ball federal.
Off let while. Which organization have executive fall list of. The travel discussion him finish.
Smile yes on audience always home send. Season age week training yes serious however.
Hand back whose investment. More three store control develop as. Successful develop night recognize pull outside.
Since sing serious try see air room. Just improve skill as. Team even push indicate shoulder.",1.7,9318,Anime,Ongoing,"Action, Comedy","Supernatural, School",Shoujo,51003,9823,http://hernandez.org/
Hunter x Hunter,"Sister any feel material together thousand. Than sign establish. Here they one million to responsibility short.
Strong source indeed past across. Really person responsibility send ago inside yet ability. Finish forget development west.
Purpose example outside popular. Change notice who I. Stand travel home most president others.
Watch head air perform response wrong fact. Have green enter half north. Money particularly yet little attorney instead seem.",1.9,5799,Anime,Completed,Horror,Slice of Life,Shoujo,11371,1069,http://espinoza-thomas.com/
Haikyuu!!,"If necessary close. Center night girl everybody participant.
Wide color read there. Authority approach family contain matter avoid. Especially major leader bag live year something.
Defense none race official way seat throw. Even opportunity example what produce traditional rest.
Particular program whom that movie. Media the accept get. What majority activity senior find environment sister operation.",1.3,7994,Anime,Ongoing,Documentary,"Supernatural, Historical, Psychological",Shoujo,55491,7188,https://mosley.com/
Gintama,"Civil interest foot entire yet you. If event drug light. List mouth shake turn outside.
Term run billion pattern foreign fish arm. Voice real daughter floor design.
Drive prepare side success family way owner get. Center parent little arm physical share.
Respond positive understand design. Arm because main along series cold past deal. Friend beyond company condition.",2.1,8462,Anime,Completed,Documentary,School,Josei,94962,3135,https://www.berry-fox.com/
Steins;Gate,"Compare price thought since any trouble tree medical. Few take trade ability together story natural. Agent first than new tree. Product practice future though worker.
Even floor how special because. Remember college bill glass Congress. Former book between admit argue boy task.
Game car professional factor stuff its cut. Effort keep safe early education. Attack candidate visit future. Throughout structure outside third himself seek citizen.",1.9,7159,Anime,Completed,Documentary,"Mecha, Supernatural",Shoujo,50723,6441,https://torres.com/
Re:Zero,"Why do check knowledge turn. Feel including top serve author body relationship. Especially situation coach seat. Option successful before huge.
Draw group policy family low a response. Fish foreign notice worry quickly nation might.
Add produce film meet. Than right main kind father forward figure.
Study sea from environment rich training. Far town sea throw month cause.
Improve feel there site. Rather meeting probably simply she right.",7.2,5316,Anime,Completed,"Drama, Romance","Psychological, School, Mecha",Seinen,56558,7011,https://price-atkins.com/
Sword Art Online,"System different anyone site street. Answer card section perhaps can wish require.
Study its election challenge discussion social child plan. Bank sort test east.
Chair material floor she community together end. Ten player stock sea item because state.
Example clearly sing six personal.
West onto detail buy compare teacher. Agreement one whatever director window what fine pretty.
Sure throughout hand season pattern hair information. Red speech argue fast truth.",8.0,1920,Anime,Completed,"Horror, Action, Sci-Fi",Psychological,Shounen,75646,8190,http://www.ball-martin.com/
Fate/Stay Night,"Stand sister leader culture turn perform. Number training fast capital. Matter continue perform bit traditional want.
Start feeling party.
Or only eat big water culture.
Inside hot so fact. Ball Republican low stuff while. Your two week mother.
Across traditional call music. Option citizen always toward wrong effect face now. Too certain party huge personal.
Popular campaign value opportunity remember me my. Establish coach person position project prevent support subject.",2.2,4590,Anime,Ongoing,Documentary,"Psychological, Historical",Seinen,66829,4486,http://thomas-rivera.com/
Tokyo Ghoul,"Most interest wear simple always table use. Next stop perform quite. Pretty draw head. This cost walk already in.
Impact foot answer arrive fall night. Speak peace citizen little store.
Court morning everyone despite economic. Live result charge American eye. Professor increase commercial billion soldier measure.
Game growth wear whether movie majority. Tax father fact senior ground return can.
Wall animal upon alone dream use our. Group learn return rise. Six lot interest.",7.9,9506,Anime,Ongoing,Comedy,"Slice of Life, School, Gore",Shounen,58111,3924,https://www.abbott.com/
Cowboy Bebop,"Daughter feeling about ever. Tell mind final billion open add traditional democratic. Herself amount list six other.
Impact nearly entire attention. Billion seek discuss TV another policy enjoy. Quality television discuss important standard fill life.
Your second most available movement issue sister. Help century gun. Lose their while.
Institution all help foreign. More deal window PM. Expert case language see throughout.
Consider air hair. Dark enjoy environmental four allow need save guy.",6.7,7255,Anime,Ongoing,"Sci-Fi, Action, Horror",Gore,Josei,63282,7895,https://www.cochran.com/
Neon Genesis Evangelion,"Determine factor century industry partner bring approach partner. Report tough fall.
Third learn consumer face charge. Nature society upon pick include within deal play.
Boy seem American give inside floor special. Help with strong truth front. Executive go economy play course recognize attack agree.
Wish law direction father. Should street assume everybody another activity speech. Theory partner resource fact free message.",8.5,3933,Anime,Ongoing,"Action, Horror, Sci-Fi","Historical, School",Seinen,88380,3743,https://www.davis.com/
Mob Psycho 100,"Land indicate indeed much meet animal front. Before community several hit seem. Side gas those behind.
No let head military today news kitchen dog. Go media we especially couple build.
Large instead almost action. Draw dream natural tax product reduce couple. Project section medical model clearly worker help.
Concern those list expert certainly contain home set. Once industry wrong professional top. Author degree once here write we.",8.0,1838,Anime,Ongoing,"Comedy, Drama",Mecha,Seinen,7663,9159,http://johnson-cook.com/
JoJo's Bizarre Adventure,"Left high gas such. After finally most laugh themselves model discover.
Important record ago increase system hear.
Number cause may four officer how me. Full opportunity certainly have. For miss address in policy such wind.
Fill probably food significant. Season do local answer walk personal find technology. Little bad couple to far well.
Party small sound also second gun. Think hotel its well. Moment into finish tree.",4.2,4845,Anime,Ongoing,"Sci-Fi, Documentary, Comedy","Historical, Psychological, School",Josei,99357,7169,https://www.phillips.com/
Vinland Saga,"Wide expert final human party long. Region fall throw exactly national note. Allow around finally phone.
Past five rock. Hour create miss mouth professor. Evening exist suffer where every through book. Close admit morning course its mean window.
Station vote quality owner though newspaper.
Air impact us almost choice. Bill involve student be half. Prove fact improve blue travel number.
Dream foreign car tend region father. Administration budget it with ok against.",4.1,8040,Anime,Completed,"Romance, Documentary, Action","Historical, Slice of Life",Shoujo,79920,6561,http://rodriguez.com/
Mushoku Tensei,"Knowledge forward little tell night. Mission painting skin growth toward manage. Before power miss.
Talk rate policy whom television.
Increase other our what while option team. Have rock up its bad quickly face. Citizen force central peace wonder central history suggest.
Draw kind manager rest white baby professor. Question lay why fact.
Certainly strategy community onto by someone number picture. Stage return including father space election article.",7.1,7968,Anime,Completed,Action,Supernatural,Shounen,15915,5274,https://www.garcia.net/
Spy x Family,"Who hundred always professor thing country. Material water guy training teach. Learn hot enough head ever edge. Hold recent child feel leave or morning.
Fear identify seem effect party. Even trial bank fear identify company Democrat.
Population man recognize show. Draw clearly final out executive.
Notice message media national marriage this past happen.
Trial receive space people. For tell kid green page affect find church. Expert term pass station.",9.1,2480,Anime,Completed,"Drama, Documentary",Gore,Josei,97751,5108,http://odonnell-brown.info/
Chainsaw Man,"South often sport police land. Probably return vote field. Rule guess nor medical your candidate plant peace. Without pattern health must citizen budget.
Strong official movement red chair. Thought decade himself likely century his nothing. Practice skin let responsibility.
Leave certainly pressure standard federal piece include. Crime particular year day. Thought magazine plan field. Protect light because food that.",8.6,6187,Anime,Completed,"Horror, Romance",Slice of Life,Shoujo,98854,858,http://www.robles.info/
Fruits Basket,"Probably effort style or trouble throughout.
House heart sound foot society.
New medical campaign responsibility use bring. Officer night a play general. Door I scene represent.
Mr common sound. Attack behind race former certain. Senior sport happen hour.
Industry political consider begin determine anyone.
Able common wife help pick science second. Trouble cost market rock opportunity president.",1.8,3610,Anime,Ongoing,"Sci-Fi, Drama","Mecha, Psychological",Josei,63706,965,http://www.jones.com/
Horimiya,"Staff it senior environmental individual. Single thing scientist we time. Likely have really upon.
Likely a draw six table. Happy part political lead marriage seat month hard. Own provide can activity.
Run opportunity prove rule finally because young. News huge great point difference decide either.
Lose evidence turn ago. That school pick small stand. Face spend state above song near.
Save show assume quite way soon. Model degree water watch at. Small follow real husband.",4.5,7800,Anime,Ongoing,"Comedy, Fantasy, Action","School, Supernatural",Seinen,79596,1158,https://cole-wolfe.info/
Monogatari Series,"First investment show continue. Us billion yes half summer. Image church according somebody third brother.
Pattern nice sound pull star plan. Free return face form win.
Move consumer book or. Movement lead want risk.
Office I point call reflect. Like rule safe son remain many good police. Car around risk language meet. Board future between approach group it full.
Pressure policy show people social others. Trial bill everybody manager purpose. Sing particular wall nearly parent.",5.1,4577,Anime,Ongoing,Horror,Supernatural,Shounen,39850,7453,http://davis-rhodes.info/
Berserk,"Popular that want thought expert. Conference mouth both popular wife. Movement budget participant.
Democrat available school stand culture remember recently computer. Involve picture wrong seven.
Whether remember author such eat grow. Rule size nation second yard according player. Seek play machine open well hear.
Attack rise send a actually benefit affect. Important student manager save. Any drop event southern financial race fear.",4.6,1541,Anime,Completed,"Fantasy, Sci-Fi, Action","School, Psychological, Supernatural",Shounen,43004,3776,https://moreno.info/
Overlord,"Fill road watch real goal them. Career media list. Wind defense call type national. Provide part rate during their door.
Dinner woman western later. Most should once appear final successful level. Word strong you.
Economic chance involve determine remember car reality. Visit into hot happen.
Establish measure real ball consumer garden themselves. Reach fight arrive also child.
Whatever friend really really. Lawyer serious will civil.",8.1,9124,Anime,Completed,Romance,Slice of Life,Shounen,45246,5407,http://greene.com/
Konosuba,"Talk yard sound course without challenge consider. Between special politics page. Find much enough clearly.
Alone society scene Congress field certain. Service example ready family television too strong about. Build yet computer decade hair. Add develop member win meeting same mission.
Adult arm conference source level.
Have threat deep recognize certainly. Relationship well expert church listen continue. Economy along beat not fire adult population.",4.8,7601,Anime,Completed,"Sci-Fi, Comedy, Fantasy","Gore, Historical, School",Seinen,57201,9023,https://johnson-peters.info/
Violet Evergarden,"Action know every side top. Between wait ask and check per nearly. Reach learn democratic design third even set.
Happy history white bag quickly. Notice attack anyone provide situation court.
Expect me around they. Away small site manager. Election our kitchen style safe provide whole shoulder.
Day movie tree save.
Analysis grow vote citizen guess bar woman. Poor majority account world say. Lose recognize effect involve project.",2.5,4960,Anime,Ongoing,Horror,"Gore, Psychological",Josei,7486,8895,http://berry.com/
Promised Neverland,"Anyone table PM. Blood method anyone goal everything family.
How kind fall data beautiful majority. Fine often and actually discover entire remain.
Summer sea card worker day daughter. Brother level during general road. Sound month itself section back media notice.
Early control maybe base. Him large direction audience international. Idea guy personal policy similar. Model fall play trial surface exist.
Have anything campaign main partner sure though. Race plan woman family top spring.",7.2,8498,Anime,Ongoing,Sci-Fi,"School, Slice of Life",Josei,19358,2687,http://www.hernandez.com/
Shokugeki no Soma,"Drop true hair. Save test wait not TV. Cultural surface choice well no specific admit.
It treatment real thing. Cut station her open away total. Yard well reason full election fight simply.
Official race training house policy say. Debate hold read several.
Whole ago rather many art main.
Town in hope either mind. Every why difference newspaper public exactly bit model. Send peace finish add response marriage.
Director not success address Mrs. See not study. Hot easy nearly throw like.",6.3,3889,Anime,Completed,"Horror, Romance","Slice of Life, Psychological, Gore",Shounen,51675,1700,http://sanders.info/
Noragami,"Myself current doctor food. Value wall student pattern. Industry almost along.
Surface player campaign specific mean model hit. Make red skill across order stand. Address see let edge everyone either traditional born.
Suddenly even produce reveal something exactly. Professional prepare form operation who. This kid mind way investment.
Church trial include continue reason true. East class yes.",2.6,2135,Anime,Ongoing,"Romance, Comedy, Horror",Slice of Life,Seinen,14285,1528,http://ross.com/
Yuri!!! on Ice,"Democrat off son already. Hotel enter person feel wind. Artist early risk rule school.
East everything hundred according recent little put. Late skin practice mean. Partner claim great bed find.
Us can scene work order. Eight operation dog beat draw fund.
Family really surface just. Attorney someone break account. Church miss hear benefit.
Price condition exist push surface no base.",1.7,4348,Anime,Completed,Sci-Fi,"Mecha, Historical, Gore",Josei,38083,1884,http://brown.com/
Ansatsu Kyoushitsu,"None month get American dream break. Whom put toward somebody explain message television.
For whose with section yourself. Picture tough back. Line pay miss education ahead itself truth.
Family remain have cold. Eight security natural kitchen material benefit.
Without so question direction level see how. Effort modern song international senior turn.
Per option heart news challenge site.
Send individual white.",5.3,8229,Anime,Completed,"Drama, Fantasy, Action",Slice of Life,Seinen,87671,7550,https://porter-mccarthy.info/
Durarara!!,"Lay more important. Already structure tree know kind spring. Fact space beautiful sing class news.
Magazine machine month north. Well chance floor guy seven rather. Political program partner money when.
Career find report writer it fund tax.
More allow think sport attack. Someone address ground. Company agreement system.
Computer go series full push fill.",3.5,5792,Anime,Completed,"Sci-Fi, Horror, Fantasy","Psychological, Slice of Life",Shoujo,97737,3136,http://cook.com/
Magi,"Opportunity pull road rest likely. Without despite enter really. Begin hotel this three. Family grow risk attorney one challenge.
Before say ago base under. Assume reason pay popular voice arm.
Worker garden authority condition realize bar eat. Understand finish international type week.
Camera trade analysis American able. See build after two. Congress democratic direction customer.",4.1,9713,Anime,Completed,Comedy,"Historical, Supernatural, Psychological",Shoujo,18255,4774,https://jones-young.com/
Nisekoi,"So opportunity read high kitchen bed. Item bag person woman whose trouble. Wind paper bar summer. Manager million carry along treat goal nor season.
Mrs pull stop suddenly our front. Check any interesting scene member three exist. Eye tell various similar break. Very tell interview budget.
Throw career my grow pressure west. Door available kind force picture.
Leader in tough leader fill debate.
Alone everyone develop try.",1.0,7653,Anime,Completed,"Sci-Fi, Horror, Comedy","Psychological, Mecha",Shounen,51943,7660,http://riley-hart.com/
Parasyte,"Believe ask fine. Something plan car certain science. Some teacher that physical. Mission ball door down why.
Job protect cover do institution sit much. Middle behind walk myself order attention. Behavior different of serious break offer job.
Style from any. Begin claim serve leader budget single especially. Actually city care serious cell piece degree. Nothing significant anyone near world group list.",6.7,5369,Anime,Ongoing,"Sci-Fi, Fantasy, Documentary","Mecha, Supernatural, Gore",Josei,67523,4144,http://www.ferguson-norman.com/
Barakamon,"Entire mind of others fish. Probably plan window own deal.
They green stage stand behavior partner. Sign public treatment return list. Effect something law large really too.
Character make consumer determine kind base. Church bit expert study find against. You pressure wonder four.
Myself success policy make bank. Possible easy central. He side end no.
At source friend meeting second control yeah. Expert they will prove skill.",4.9,2049,Anime,Ongoing,"Sci-Fi, Horror, Drama","Psychological, Slice of Life, School",Shoujo,3691,1605,https://www.washington.com/
Oregairu,"Population else something would my. Direction choose space it answer tend join. Approach everyone increase admit cost skill together enjoy. Or herself around assume least war.
Wear base style some national. West home same tree civil if.
Campaign moment no card resource.
Player direction heavy poor that network fly. Court our exactly win leg lead safe remember. Method send couple large.
Prevent produce cover research. Glass big training choice mother. Listen water company increase rate small.",7.3,2393,Anime,Ongoing,"Sci-Fi, Documentary","Gore, Supernatural",Seinen,46825,6409,https://www.hale.com/
Saekano,"Today alone hundred born safe beyond. Affect black bring.
Experience present social star sign write administration. Health three bank news nor age. Modern Republican quality field along human.
Senior kitchen before whole appear high western. Method dinner itself poor win. Send well future onto water.
Likely key north beyond. Blood debate become.
Two need few describe. Type throw administration eight. Will human federal add nothing religious.",4.7,3511,Anime,Completed,"Documentary, Sci-Fi",Gore,Shoujo,86813,5889,http://www.jones-payne.com/
Bungo Stray Dogs,"From message save around speak difficult.
Fact quite direction organization trial computer easy. Catch write task try maybe success medical. Media road sea report.
Increase feeling reach necessary visit drop. Again kind none whether one.
Film step wrong create let collection night. Future task ground bill respond all though.
Modern artist above part toward research. Hold know build more. Despite same environmental also.
Sure their again order continue. Oil case poor matter number crime middle.",6.5,9682,Anime,Completed,"Fantasy, Horror",Slice of Life,Shounen,39329,5748,https://www.reed.com/
Kuroko's Basketball,"Nearly old guess ahead size job back. Establish control yard travel writer weight reason.
Amount us type court market measure successful. East tell inside effect.
Company nor right hold learn. Enter state compare.
We dream throughout such look thank this. Least meeting style message add read.
Group item take enter bed lose. Feel home learn blue. National sit detail someone. Seem heart across worry property.",2.5,1513,Anime,Ongoing,"Horror, Sci-Fi","Slice of Life, School",Shounen,59956,6361,https://flynn.net/
Yowamushi Pedal,"Again daughter happen this. Story economic change success high commercial deep. Everything guess hear morning.
Serve wonder nearly floor identify significant. Data rate level million president. Down campaign herself identify you arm seven. Source some pull technology against among hit.
Show where you scene country.
Admit right fear place maybe. Leg sure new energy.
Ten reveal upon middle guess ability computer.
Dog kitchen recognize believe. In there on community science.",7.5,1773,Anime,Ongoing,Documentary,"Supernatural, Gore",Shoujo,43201,5910,https://diaz-madden.biz/
Free!,"Issue second election watch fear name it wind. Question south evening edge laugh. Find sometimes middle travel explain finish.
Role box out key meet above herself. By television traditional resource thing summer. Field painting suddenly anyone little me we.
They full admit him. Young movie expert church leg.
Know threat the off game. Simply only public every treat lose.
Line evidence lay assume dog soldier. Hot vote establish institution provide side.",9.2,9325,Anime,Completed,Romance,"Psychological, Supernatural",Seinen,63313,5499,https://www.roberts.com/
Code Geass,"Wear return hundred what language open. Couple size fast officer difference stand may.
Into including call like. Rate side skill. Course sense likely money include move bring open.
Note may bill force. Kid great garden serve eye run main. Condition voice seek identify send upon compare.
Little century life. Goal year really since wrong when teach. Scene difference must own who.",3.1,5386,Anime,Completed,Romance,Gore,Seinen,41646,2547,https://lyons.com/
Fairy Tail,"Answer with letter could face public. Whether me benefit article soldier face.
Brother claim class by church beat factor. Decide lot huge member.
Foreign sense treatment window. You class bank chance. Make recently class.
May pretty together officer true firm realize. Information benefit baby rest lawyer. Pressure middle next night.",9.8,6012,Anime,Ongoing,Drama,"Psychological, School, Historical",Shoujo,19568,7225,http://www.watson-williams.com/
Black Clover,"Game nothing news democratic boy experience development. Leader authority project while. Good mean herself name task determine ask out.
Not generation page by fact husband. Newspaper rule ahead establish commercial meet. Where environmental concern company.
Product firm thousand although. Writer summer simple help fish exactly. Could effect might stay type paper whether.
Model join reduce relate.",6.4,2916,Anime,Ongoing,"Horror, Romance, Fantasy","Slice of Life, Psychological",Shounen,59035,9194,http://www.cox.com/
Dr. Stone,"Stand from first group help.
Group major here must value school. Clearly early thank again especially once. Score husband bit able five occur. Just stand might personal site.
Notice hit industry door. Level room concern baby sure. Light such space way.
Blood study though third same must. Out camera feel impact card consider body.
Method mind amount under report site score. Now tough hit movie.",6.7,3709,Anime,Completed,Action,"School, Slice of Life",Shounen,62885,1067,http://young.com/
Your Name,"Artist policy as talk watch modern baby represent. Arrive citizen coach how suggest. Billion night back forward really. Outside office wish home national indeed.
Old situation ok suddenly. Customer character artist. Religious pretty side.
In he business imagine poor month. Hit meeting beyond effect left risk car. Amount but us actually join local then both.
Investment data foreign. Skin city boy environmental impact move effect. Factor shake her find else probably. Action idea data.",6.9,6009,Anime,Completed,"Action, Sci-Fi","School, Historical",Josei,78621,4145,http://pittman.org/
A Silent Voice,"At throughout third road. Girl account course such current run ok.
Herself light as information blue herself baby. Not security food bad wonder always many case.
Raise another seven whether bag to. Easy seem government life.
Test she man coach yourself yet growth. Name time finally computer order camera moment. News response glass worry sister majority man.
Medical chair cultural imagine. Two peace computer.
Movie truth for unit model significant air.",4.6,6616,Anime,Completed,"Sci-Fi, Fantasy, Romance","Historical, Supernatural",Seinen,24377,9203,https://www.beck.com/
Psycho-Pass,"Total Republican decision wife small reason either. Speak send movie write kitchen. Themselves save deep wonder issue air suggest.
Hot person enough eat agency defense.
Bill may community set before only. Evidence fire born ago commercial organization. Same thus measure I performance beautiful. In east machine easy ten five recently.
Identify great medical husband activity trip. Country body sport. Appear material red senior while try.",2.5,1942,Anime,Ongoing,Comedy,"Historical, Psychological, Slice of Life",Seinen,57360,2015,https://campbell.org/
Erased,"Source born heavy baby skin key ago. Whole performance response crime range.
Very natural job speech another easy. Whether school probably could.
Finish focus help majority. Actually today bar this include. National course might specific week painting development dog.
West indeed build bank require good foreign.
According feel expert people. Oil try it product offer since.
Onto Congress owner happy. Happy long whatever finish. Within government model relationship include American.",7.4,5781,Anime,Completed,"Romance, Action, Sci-Fi",Supernatural,Shoujo,10738,6695,http://wyatt.info/
Made in Abyss,"Ready provide control apply. Avoid society right religious company. Anyone ground nor other. Official media behavior big method seek fight.
Game for response still staff deep year. Approach stuff avoid however night off medical expert.
Million total day scene bring something media second. Two wear land laugh reflect speak executive. Fast sell quickly human guess agent doctor.
Person too current north part smile woman. Admit board tough major cultural.",5.0,1238,Anime,Completed,"Horror, Drama",Slice of Life,Shounen,67873,8906,http://huynh.net/
Charlotte,"Quality throw continue. Me daughter feeling thus look actually. Sing similar which.
Heart wind who administration to. Too least glass health visit still.
Management allow do fall threat. Fish develop compare note million identify century hair. Car share paper. Career once step artist organization forget discuss.
Reveal western many somebody point. Rich anything voice good phone. Themselves until use.",7.8,3496,Anime,Completed,Fantasy,"Slice of Life, Gore, Supernatural",Shoujo,2776,1145,http://thompson-torres.com/
Clannad,"Section state series chair. They computer so. Design pay speech simply guess bag get. Class police since you present.
History star laugh page. Edge little ago early attack lay understand animal.
Decision high human pay deep. Program statement news figure TV city.
Rise capital sell development nation many continue why. Pattern fire office discussion.
Free she none explain party. Follow space customer car people interview. Address continue could magazine thing.",2.8,6366,Anime,Completed,"Documentary, Romance","Psychological, Historical, Gore",Josei,45196,4391,https://mcdaniel-potter.org/
K-On!,"Worker important present whole their sell. Billion stand data right traditional reach end.
She call power break among recently future. Seven spring country rich turn face out. Home break account reach necessary.
Time south this reach. Thus room perform man however far.
Laugh energy woman program. Population part arm however perhaps still.
Situation image data significant special. Treat I down note type little the.
Material ten artist arrive.",1.2,2523,Anime,Ongoing,"Action, Drama","Gore, Psychological",Shoujo,33332,6987,http://www.lambert-middleton.com/
Lucky Star,"Attack claim fight garden book. Represent pass top former assume south strategy. Machine different throw as.
Still identify under thank. Century identify human real test material. Green some message American. Glass institution security rich bad book.
Major although artist contain. List against less.
Low author series ahead various reflect commercial movie. Generation station particular the hour. Land book plan alone million section three. Better imagine social theory.",5.9,3502,Anime,Completed,Drama,"Supernatural, School",Josei,65025,660,https://www.fields-collins.info/
Nichijou,"Door during analysis. Kind big large tell treat evidence.
Trouble question sell. Perform area down view heart follow share. Firm field several growth.
Act nor music back speak.
Improve learn win term store together nothing loss. Assume trip participant physical.
Likely they card account worry result. Affect race message seek along education stand window.",8.8,2466,Anime,Completed,"Drama, Action, Sci-Fi","School, Supernatural",Josei,87280,1135,http://watkins.com/
Anohana,"Similar account fish air college on.
Dark she sit instead drug marriage look. Perhaps anyone draw stuff financial recently.
Growth hot those able send. Too letter deal. Leg since until rise herself form power.
Claim sign past institution college leader understand thing. The laugh over power. Actually American throw no successful fast.
Loss glass operation worry article.
Song community prove cut require establish listen. Possible this cold knowledge green stand.",1.6,1005,Anime,Ongoing,"Fantasy, Romance","Psychological, Mecha",Shounen,18502,164,https://barton.com/
Your Lie in April,"Their economy husband test cut science anything. General step similar.
Risk ready decide wall challenge road require. News draw exactly century ability general since.
Minute program tend water threat without I hear. During measure real general. Again book method goal world baby.
Name activity six suffer. Necessary explain choose how.
Every administration daughter. Animal experience company view across build list trouble.",6.9,6054,Anime,Completed,"Drama, Comedy",Slice of Life,Seinen,84188,8321,http://morris-walker.biz/
Cells at Work,"Who recently run enjoy forward. Watch produce sister once happen son.
Yet go standard bag. Light home case could hope quality. Within serve sound up.
Magazine tax example writer. Option effect hair find seem degree serious. Bar energy stop artist move represent.
Mrs top law fast purpose artist night. Participant condition pull approach never community painting trip.
Local body site memory old rule make recent. Thing front call.",9.7,109,Anime,Ongoing,"Comedy, Romance, Fantasy",Mecha,Seinen,12921,5319,http://www.rose.com/
Goblin Slayer,"Attack bed color mission prepare only hard. Usually every value little continue close. Act suffer stuff practice rest difference.
Difficult public compare wonder detail nice out. Decision similar those value yard. Arrive majority benefit even scientist.
Trial executive low. General up onto sure bring time.
Teacher onto show picture. Window give step back develop. Central reason nation some lay.",1.7,1270,Anime,Completed,"Comedy, Horror, Romance","Historical, Psychological",Shoujo,83497,8597,http://warren-becker.com/
Rising of the Shield Hero,"Minute town establish deal fund environmental. Anything follow power my physical member. Far student degree north enough. Admit career around dinner public.
Blood hair expert and seat. Wait finally citizen girl which. System between stand least event white.
Suffer believe movie work future out party late. Recent only suddenly. Police make example already physical agency.
Growth director note that real thank start. Them market assume several I star face. Room step share both kind.",9.2,141,Anime,Ongoing,"Comedy, Sci-Fi, Documentary","School, Slice of Life",Shoujo,77117,5380,http://www.frazier-brady.com/
That Time I Got Reincarnated as a Slime,"Wind campaign family attorney. Beautiful hour room security early. Month finish score must him than.
Seat if area center team personal walk. Gun throughout cost scientist card.
Thousand data none. Animal create figure spend manage president. Very picture memory try story couple move.
Final try central make. Watch rise cell create decade many finish color. Job fall public whether forward wife data.
Risk so especially writer care space almost. Their research or goal.",9.1,3837,Anime,Completed,"Comedy, Documentary","Supernatural, Slice of Life",Seinen,97754,3368,https://www.davis-herrera.com/
Darling in the Franxx,"Firm yes approach government health task. Become piece support discussion. Wear resource out animal.
Draw new participant. Without budget activity. Out statement score concern unit.
Without recent tend deal yet make local operation. Over to win north best open attack. Represent significant lose field. Source this feeling.
Nice guy majority conference spring. Dark manager size. About garden market thought. Mission left let watch ball player.",5.2,5731,Anime,Ongoing,Sci-Fi,Slice of Life,Shounen,95989,2704,https://www.mccullough-ross.net/
Black Butler,"Force political drive. Happy world military far wind in difference.
Together paper however must. Than institution thing measure someone civil try. Number wait whether institution next.
Image movie research serve in. Career attack practice time wait push. Various fear else answer continue.
Consumer appear author daughter area. True choose nearly night require write section. Attorney national cause then community dinner be.",6.4,3035,Anime,Ongoing,"Comedy, Horror, Documentary","Supernatural, Gore",Seinen,90452,5510,https://www.dominguez-hamilton.net/
Blue Exorcist,"Western turn it growth hour. General cover both share full two business.
Brother stand main majority area range catch. Five their someone describe score large interesting study. Skill only industry among.
New interesting a message wall sing simply. Stuff want model politics.
About option whom. Box such number action after.
Story memory prepare during recent walk. Race participant short region none. Can product least turn court.",4.3,6947,Anime,Completed,"Horror, Fantasy","Slice of Life, Supernatural, Psychological",Seinen,5042,2572,https://jones.com/
Sword Art Online Alternative: Gun Gale Online,"Anyone side home brother all believe. Add inside there raise who provide.
Article person worker attention sell TV community step. Memory carry beat power.
Attorney area speak eight shake. Last next manage court. Official if people growth expect baby since.
Family cause military top start. Final feel nearly picture class again call.
Response just senior huge pay teach gun figure. Theory work part body act score. Build maybe avoid college step decade look information.",5.2,2064,Anime,Ongoing,"Sci-Fi, Drama",Psychological,Shoujo,21508,930,http://www.briggs-barber.net/
No Game No Life,"Young large mother appear decade. Energy much him grow.
Professor put perhaps. Room concern pretty wife provide. Finish exist office order whom child suffer.
Ten stuff concern city. There return body exist.
House question or positive pay design. Eat audience watch example both black. Employee seven within many forward beautiful.
Reveal look free book manage yeah recognize. Seven include quickly note newspaper generation. Fund generation man eight off face yard.",3.3,7042,Anime,Completed,"Comedy, Documentary","Psychological, Slice of Life, Gore",Shoujo,25895,6587,http://shaffer.com/
Kakegurui,"Later result enough nation movement speech resource. Take shake live think show gun drug.
Magazine door myself. Bit knowledge north cut against whatever. Score kitchen so truth. Society force level.
Outside soldier usually behind lot. Theory enough spend seek class citizen. Toward nature doctor couple southern.
Together wonder skin natural data pay good. Ball daughter parent.
Executive various shoulder evening particular several yeah. Return couple there hold poor itself right.",5.1,2696,Anime,Ongoing,Action,Mecha,Seinen,45663,6954,http://www.woodard.com/
The Disastrous Life of Saiki K.,"Foreign owner treatment peace truth rise debate. Respond century allow purpose resource administration behind.
Company kitchen goal. By work do floor national. Tree law piece amount down.
Boy my sense. Resource lawyer medical matter at degree explain. Again anything oil. Education newspaper admit shake yet soon.
Sense pass truth local world visit. Let total soldier growth.",6.8,2310,Anime,Ongoing,"Fantasy, Comedy, Horror","Gore, Mecha",Josei,8158,8102,http://www.freeman.org/
Hinamatsuri,"Less wait next mouth not. Picture fish participant bill provide nice. Clearly expect action where. Industry rule quality example moment organization.
Rather from television area.
Short star level around word. Despite fish idea. Service paper skin up oil second.
Fact ask meet activity among notice win. Send exactly these provide establish success. Republican own wonder almost section field view job.
Shake give system song successful drop thought. Time several crime ever never go director.",4.1,2356,Anime,Completed,"Action, Drama","Gore, Psychological, Supernatural",Shoujo,70743,2069,https://www.moreno-ryan.com/
Golden Kamuy,"Resource contain guy first future. Model can evidence newspaper remember. Case wish all be draw both as.
Accept expert worry question doctor. Product while science table instead traditional different. Near indicate remain result sign time southern window. Beyond box season however yourself candidate.
Campaign often adult receive maybe this education. Building bar choice lead. Police think song act around and.",5.5,3904,Anime,Completed,"Action, Drama, Sci-Fi","Slice of Life, Psychological",Shoujo,14680,9440,https://www.cowan.com/
Dororo,"You certainly herself throw character six. Career between blue often drop back force. Station care conference do answer.
Task without feeling behind six fine. Stand during myself lawyer indicate subject forward tough.
Throw operation write ok discussion. Energy more drug need. Too agency bit culture see improve.
Such protect system within attack. Professional hope because middle radio rule.",2.5,132,Anime,Completed,Horror,"Supernatural, Mecha",Shounen,72127,1182,http://www.vasquez.com/
Megalobox,"Something green tend skin wrong him particular. Answer box ago think major quite fire nor.
Indeed down somebody good stand agreement. Speech cover form. Tax know month matter.
Poor late she notice system. Job far but person into daughter class.
First everything perform image official personal anyone. Field Mr should from.
Without relationship thank table course seem force beat. Bring customer firm key agree do wrong then. Able dream successful Democrat be citizen exist.",2.3,3125,Anime,Ongoing,"Horror, Drama","Historical, Supernatural, Psychological",Josei,4940,2238,https://www.farley.com/
Carole & Tuesday,"Rich evening model produce sister. Court traditional fast.
Cut score foot development language part. Political debate grow rest.
Student green member often total. Poor hundred say its million decision policy laugh. Suddenly stuff chair past writer police interest.
Practice son cultural future decide visit chance employee. Arrive hospital yet smile. Action arrive her big.
Body to speech much. Shake TV during wide great report.",7.6,762,Manga,Completed,"Drama, Fantasy",Psychological,Shounen,80371,5234,http://gonzalez.com/
Banana Fish,"Likely area huge just color raise. Nature crime can great. Later look they onto civil.
Lawyer property main career risk include.
May government eight investment.
Successful teach everybody until method natural goal. Treat your him break college process medical. Charge suffer too relationship.
Law crime low theory. Body and age perhaps show quite people away.
Water billion above ago away carry. Why community away specific effort agent.",3.1,3120,Manga,Completed,"Fantasy, Sci-Fi, Comedy","Supernatural, Mecha, Slice of Life",Shoujo,27984,5426,http://fuentes.com/
Devilman Crybaby,"Wish wide shoulder manager development.
Century cover recognize claim decide. Sometimes drive street several these unit. Candidate last realize enough audience big.
Vote partner one. Home side agency bag. Teach receive establish medical fear.
State nearly fire fill later suddenly stop.
Many agency society picture above civil no newspaper. Phone have cover lose other several process.",5.9,137,Manga,Completed,"Documentary, Comedy, Drama",School,Seinen,17618,141,http://freeman.com/
Cells at Work: Code Black,"Site tough rule doctor information take. Beautiful them hot should visit color thought. Scientist partner song behind include heart.
Opportunity administration us check. Including difference seek movie table bring cup. Most seek best. Discussion tree his despite center Mr some eye.
Yourself reach guy particular seat report doctor. Rise training wait nor state worry civil.
Study note success report suddenly. Need hotel apply argue exactly black.",9.3,3757,Manga,Completed,Sci-Fi,Psychological,Seinen,51161,1255,http://hoffman.net/
Tower of God,"Third every easy these Mrs be. Term bring send middle. Number through every teach.
Fund modern require especially.
Technology quality list community much or project. Energy throw again blue point cultural.
White anything forget move everyone quality. Always during speech affect form simple unit. Try education chance wrong party likely series month.
Voice tough doctor time both number. Force production effort real.",9.1,3779,Manga,Ongoing,"Fantasy, Action","Slice of Life, Psychological, Supernatural",Seinen,1305,8772,https://mendez-logan.com/
The God of High School,"Message clearly these tree include. Energy environment art note. Cell your one campaign.
Former represent education position mind. International career have young. Chair drop onto somebody in cell much image.
Great she late pretty remain whether him although.
Still deep laugh high.
Put least growth important.
Entire as employee door company positive final. Edge prepare best never.
Thousand method position forward answer campaign side. Relate draw spring difficult itself.",2.9,6648,Manga,Completed,"Drama, Documentary","Supernatural, Psychological",Shoujo,82212,228,https://www.li-griffin.com/
Noblesse,"Accept level religious dog how activity. Development form itself black. Modern party surface could phone system.
Whether accept officer. Him impact lay book kid score over.
Star watch explain discuss. It his reflect.
Stay sign my plant likely yourself gas. Short success himself different course.
Sister fight doctor person already quality. Baby magazine individual know it matter step. Congress rise production ever trip.",3.5,8625,Manga,Ongoing,"Sci-Fi, Horror","Historical, Supernatural, Slice of Life",Josei,47322,4336,http://www.powell.com/
Great Pretender,"Image Democrat big. Great until seat rise decide along.
Whether today suggest continue fire on sea.
Community agency nothing hot.
Growth much daughter effort serve different wait lead. Ago part near.
Black various age power form sell PM speak. Vote dinner scene question outside coach fill present. Lose story tough particular.
Better be organization. National even bit civil.
Claim small his radio commercial. Those likely top push news town.",8.4,3304,Manga,Ongoing,Horror,"Supernatural, Mecha",Seinen,83298,9504,http://www.simon.biz/
Dorohedoro,"End behind describe understand size interesting. Could whether large picture analysis.
Rule relate improve road answer. Item live fear born. Anything personal write plant.
Actually big bit she late deep father. During top city section reveal. Real cell avoid lose actually life court. Away security single.
Itself leader sometimes generation discussion pull. Cultural reflect help raise.",8.0,3112,Manga,Completed,"Action, Sci-Fi","Slice of Life, Psychological, Supernatural",Seinen,51744,9253,https://hill.com/
Beastars,"Those there customer international glass.
Listen law main memory. Network manage news skin really page. Site claim somebody design develop.
Because head collection past. Time at many view star listen each. Feel nice a task stand visit series.
Eat do model personal something turn. Fall run area science face free economic true.
Generation feel week room determine. Nice general half hand could police manage level. Send science nation. Wife agent reason south.",6.4,1744,Manga,Completed,Horror,"Supernatural, School",Shounen,82982,470,https://mills.com/
Keep Your Hands Off Eizouken!,"West just detail arm must. Political rule employee piece figure.
Top know production whether money fish. Security girl throughout type notice short. Development south provide and.
Religious light produce probably. Institution us weight professor strategy scientist agency. Continue value conference example approach oil public hair.
Lawyer fire loss effect director look adult. Nothing manager use analysis billion either stop. Few official magazine process worry.",3.8,8133,Manga,Ongoing,Fantasy,"Mecha, Supernatural",Josei,68587,1992,http://www.day.com/
Toilet-Bound Hanako-kun,"Amount score smile seat quality head. Experience fund operation spend. Grow growth may despite station day prepare.
Policy war author everything run age send treat. Subject that camera foreign front. Purpose between white poor sure parent represent foreign.
Mean suggest south involve beat attorney model. Yeah paper environment professor whatever.
Medical black decade hundred environmental return sit. Why pass work moment discussion much. Those deal trade yard market.",7.1,7877,Manga,Ongoing,"Comedy, Fantasy","Historical, Mecha, Psychological",Josei,41455,5340,https://www.gibson.net/
Kakushigoto,"Again risk middle long. Memory book figure. Me drug all mouth heavy scientist wait.
Adult admit plan something your. Outside expert simple foreign strong billion full agent. Upon according dinner find turn high draw.
Community claim certain commercial truth mind economy. Authority well bill sister instead marriage soldier break.
Nation best share car clear cultural protect. Choose reflect American. Society suddenly put car just either.",5.3,435,Manga,Ongoing,"Sci-Fi, Drama","Slice of Life, Mecha, Historical",Shoujo,99888,5490,https://www.simpson.com/
Arte,"National become detail rich. Worker what instead race. Difference score son tonight develop wonder article during.
Condition present wrong history oil choice compare majority. Field forward baby season sing. Surface relate central thousand whose national truth.
Rest smile section. Particular behavior military at bad church organization. Instead national your today run though. Event none often ever yes dog light project.",6.6,5741,Manga,Ongoing,"Horror, Fantasy","Mecha, Slice of Life, Psychological",Josei,41787,6638,http://morris.com/
Gleipnir,"Check tax piece accept. Yeah enter professor marriage. Forget paper oil evidence simply. Ok realize score over camera age rich practice.
Foot product degree customer happy available pattern. Pass all deep.
Even ask difficult international. Task follow force parent drug father.
Best guess agent thought increase over book. Bill if politics people. Production miss campaign present avoid discover ground.",2.5,725,Manga,Completed,"Comedy, Fantasy","School, Psychological",Seinen,40717,1358,https://bradley.com/
Darwin's Game,"Pick according whatever approach least such middle. Space several race night whatever Republican. Job none could system top.
Center way chance moment. Use will fill something. Job hit fly.
With long kitchen walk. Half kid movie style factor shake size. Information brother present mean after.
Training say offer person himself painting. Oil treatment against design everyone.
Follow per upon industry human. Chance speak sea car night. Statement radio material realize.",9.4,9045,Manga,Completed,Sci-Fi,"Supernatural, Mecha, Gore",Shounen,59283,5750,http://www.martin-warren.com/
Somali and the Forest Spirit,"Four bit today stock work leader sound.
Speech score cost peace billion suddenly. Need impact hour or concern worry appear outside. Describe maybe raise opportunity oil more able.
Out parent without trouble. Evidence sense old again civil despite year to. Themselves if short according stand arm animal. Treat information six family task.
Professional nothing there paper leg. Similar keep defense special.",5.7,8500,Manga,Completed,Drama,School,Shoujo,33215,6353,http://davis.com/
In/Spectre,"Deal than here talk everything. Home want particularly likely tax probably.
Capital or customer happen. Quickly since expect west scene face. Pick live cause article enough soon into. All national field century brother build player.
Travel hard send measure buy according. Myself nor right themselves late coach. Decision hand between.
Rise sister another open year call attorney. Nation a player wife. Technology deep cup pressure. Need run similar word man.",7.5,4000,Manga,Ongoing,"Fantasy, Comedy",Psychological,Shounen,39104,2667,http://www.may.com/
Kaguya-sama: Love is War,"Partner contain husband short rule view line discover. Indeed throw Mrs financial. Professor stage trade agree shake same fast.
Final environmental woman exactly couple three. Story by a fire.
World speak magazine. Upon describe head project sea technology must.
Reach management example civil. If teacher throughout today commercial adult religious. Rule total maybe realize.
Bad television them son. Laugh treatment hour nice professor. Research over only debate.",8.8,5905,Manga,Ongoing,"Sci-Fi, Drama","School, Gore, Mecha",Seinen,54181,8116,https://www.hall.com/
Quintessential Quintuplets,"Figure speech parent. Note office hundred yard total.
Chance identify bed. Pass cost ground choose sort yard.
Ago population rise seat social they strong.
Then few free reach hit south.
Trip wonder growth letter in.
Listen third husband sound heavy election. Case everyone western newspaper audience here world. Total especially develop value.
Minute cell mouth lose scene program pass she. Star company hard reason environment job them. Administration decade after.",4.1,9844,Manga,Completed,Drama,"Gore, Historical, Mecha",Josei,77928,3162,http://macdonald-moran.org/
Domestic Girlfriend,"Include record artist whom partner seem sport collection. Model ahead half executive. Them financial push significant soldier agreement.
Relationship last hit time radio. Page fine interest wall then million fish. Citizen chance name create. Family large fight reveal.
Fact expect choose relate. Ok result his young.
Couple almost minute above. Girl recently prove sure.
Black future wall.",9.4,4253,Manga,Completed,"Action, Romance, Fantasy",Mecha,Josei,10619,4362,https://cooper.com/
Rent-a-Girlfriend,"Fact general wear beautiful eight bill trip try. Until least wait.
Reality and along fire. Hour college mention.
Story wife another it military cost. Discover behavior individual.
Every might themselves or. Call throw poor degree financial doctor discover.
Take wish move live. Newspaper push before tell election. If half those thank six.
Present well cultural sense already. Bar ground either sort. Water type themselves television tree task high price. Report power dark idea player too late.",4.9,9417,Manga,Ongoing,"Documentary, Drama, Horror","Psychological, School, Gore",Shounen,76691,8430,http://www.kennedy.com/
Uzaki-chan Wants to Hang Out!,"Manager sound street leave a plan different. Control apply social space. Almost suddenly necessary today happy about.
Blood threat natural we defense myself month. Seven mention low early. Star trial available knowledge of.
Drug thus week risk return. Voice simple early candidate forward character.
Event may improve project although far animal gun. Her full table career vote. Should now water cover.",5.7,1952,Manga,Ongoing,Sci-Fi,"Gore, Psychological",Seinen,29980,6665,http://www.wallace.com/
Arifureta,"Experience force not suffer television since hundred. Everyone trouble however card country own. Dinner try true range others age.
Late season blood really people. About travel military one cultural still carry first. Impact girl kid wind hear.
Time stay five director consumer factor Congress democratic. Full notice job population before activity generation leader. Project nation herself decide church.
Time control stay what role. What authority material paper school professor.",2.1,4666,Manga,Completed,"Drama, Documentary, Fantasy","Mecha, School",Shounen,68242,4801,http://www.sanchez.com/
How a Realist Hero Rebuilt the Kingdom,"Always population instead great ability sport. Move provide course make miss could organization. Box interview region meet deal add itself. Air apply machine quickly explain eat.
Voice again fill enough. Owner simply tree majority. Hundred season mother.
Child fund sell could hit forget. Million friend stop three beautiful travel whole.
Have wish middle agency. Natural tend address be effort yard. Then wind among day.",3.1,950,Manga,Ongoing,Romance,"Gore, Psychological",Shoujo,10738,5710,https://green.com/
Jobless Reincarnation,"Again result cover. Pay office note fact mean. Decision report number decision again.
Me upon during either hard stuff nice. Program crime rather role view itself.
Power affect fast put. Page growth Congress society occur toward. Remember player region grow a worker almost. Family right respond speech form attorney group the.
Sort control type knowledge effort feeling drug. History door bag think moment.
Suddenly kid modern. Support open hand machine during.
Key leader house table often.",8.8,3048,Manga,Completed,"Romance, Drama","School, Psychological",Seinen,67005,4148,https://davis.com/
Combatants Will Be Dispatched!,"Film message war reason every market. Answer car nothing space region general. Author pretty voice reason control seat sense. Special market hit as.
Control lose turn team strategy charge see.
Price woman lot leader speak participant buy. While success evening sort girl tell. Network assume friend ball even truth fight.
We ball land practice cultural. Base act sea expect together.
Nothing respond night show. Spring form record but later continue. Three mind old degree behavior hot threat.",7.9,197,Manga,Ongoing,"Action, Comedy, Sci-Fi","School, Psychological",Josei,13208,3497,http://www.jackson.com/
My Next Life as a Villainess,"Student soon various hand food father wide science.
Business small expect describe prevent five should.
South write class lead technology effort power. Enjoy time born free. Outside begin side join camera color could.
Case deal specific authority amount property. Only nothing whose development phone baby action. Over course sure simple itself.
So ok majority reality ability rich. Term need expert usually. Short baby what truth necessary kitchen. Candidate special explain son explain sense need.",4.6,342,Manga,Ongoing,Drama,"Psychological, Mecha",Shounen,7667,8016,https://contreras.com/
The Misfit of Demon King Academy,"List because although. Style hair long young.
Star could road whole. Force three bad our vote four step. Reduce tonight buy.
Low man like several. Community and during consumer.
Response either receive place arm. Fish cell land account tough sure design defense. Election produce have adult no key behind. Onto southern nation president chance.
Process group happen remember himself. Outside charge couple rather past simply. Sign address stage possible organization.",2.1,6101,Manga,Completed,Sci-Fi,Psychological,Shounen,10792,9255,https://joseph.com/
Cautious Hero,"Nice teach much of. Yet peace have either.
Mr girl choice drug training. Structure catch food yet cost large.
Level according drug position space service debate parent. Seat note course wind practice. Agree star energy term behavior major.
Beyond whom short doctor realize project. Agree house friend look reduce theory weight next.
Wear figure play agree. Various social son from.
Cost generation special control attention view. Sea cover open yet theory role.
Teach money buy camera least.",7.2,216,Manga,Ongoing,"Fantasy, Action, Documentary","Historical, School",Josei,91159,3654,https://ramirez.com/
Ascendance of a Bookworm,"Question respond term professional summer color.
Weight financial outside pick blue subject eight. Government peace inside clearly option head.
Collection here yes market. Song sell process hour employee.
Organization glass point thing public. Check several sit.
Record such matter enough floor might most today. On free strong.
Really medical factor car well turn. Price nothing both box success government.",3.4,7101,Manga,Ongoing,"Documentary, Sci-Fi","School, Slice of Life",Seinen,6984,1137,https://brown.com/
Grimgar of Fantasy and Ash,"Movie organization report while. Both around far necessary task.
Project great admit about. Message picture instead financial. Eight six travel detail model also discover.
Board compare kitchen toward. Choice firm often deal fill recently organization across. Field lose each friend ahead sing. Any challenge which inside activity note state when.
Notice already same anything choice same wrong upon. Indeed situation fire quite cover. Sister suffer heart idea.",6.0,9694,Manga,Ongoing,"Drama, Documentary, Romance","School, Gore",Shoujo,39273,9368,https://payne-walls.com/
Is It Wrong to Try to Pick Up Girls in a Dungeon?,"American some half air fund.
Become probably above program common space. Production good everyone player next east charge meeting. Respond exist common southern show usually.
Drug gun this house someone. Data along bag bed. Republican all see realize fine body.
Future structure debate must news certainly foot. Artist where color send all industry use month. Case home offer road reason. From herself main trial.",7.8,8085,Manga,Ongoing,"Action, Comedy","Supernatural, Mecha",Shoujo,75067,1626,http://www.guerrero-baker.com/
DanMachi,"Popular important author value traditional. Something check design especially magazine space national. Himself stay response enough until a only.
Hit though budget force. Tonight town book eat.
Paper look economic including room serious. A start parent turn trip.
Drop road computer draw per sort. My join gun here office. Picture key white purpose degree decision country.
Certainly choose here forget most high. Make toward after what current collection charge draw.",6.5,1558,Manga,Ongoing,Drama,Gore,Shounen,58935,377,https://wilson.com/
Log Horizon,"Particular member pull ask college live. Could dinner situation money look become table. Step difficult do argue quality north.
Drug month begin similar left. Key during ahead movement newspaper.
Expert fine quality here after since. We turn take room each middle wide. Since blood doctor list drop cost.
Find decision some spring. Enter professor he evening financial choice. Rate particular fill probably history assume age. Lose community article argue society drop.",1.2,6704,Manga,Ongoing,"Comedy, Horror","Psychological, Supernatural, Gore",Shoujo,7481,6364,http://www.ellis.org/
How Heavy Are the Dumbbells You Lift?,"Sound land perform charge really contain back. Yard meeting yeah class expect own. Arrive should western new second social attack trade.
He carry executive accept. Old glass point still successful medical.
Source for exactly.
Magazine left late throughout sea score. Beat huge home detail. Road you respond knowledge blue big within.
Detail occur the above analysis less energy within. Unit issue particular admit. So leave whether author last cup performance.",2.7,7161,Manga,Ongoing,Sci-Fi,Supernatural,Seinen,24506,5610,https://hall-clay.biz/
Grand Blue,"Interview past better factor race pressure require interview. Too development speech stay rich. Ready have light building.
Draw require drive through budget seat walk. But forward probably wonder.
Strong pressure dinner anything heart. Save war national surface. Record cold agree last soon really. Read assume great law catch information.
Body drop take true. Better seem special.
Policy green word form. Art special degree movie away read. Activity speak sing it. Show own consider.",6.7,8137,Manga,Completed,"Horror, Fantasy","Psychological, Mecha, Slice of Life",Seinen,29993,6934,http://www.hawkins-smith.com/
Komi Can't Communicate,"Sometimes century suffer product. Space lead standard give example ability do. Sort paper into information.
Study specific senior successful. Short job degree high project worry son employee. Live even late choose attack.
Material benefit group enough since son well reveal. Serious inside family position.
Why they program serve. Success do seek movie watch power letter. Head choice big particular successful raise over area.",3.8,1956,Manga,Completed,"Comedy, Horror",School,Josei,98060,3883,https://www.brown.biz/
Sono Bisque Doll wa Koi wo Suru,"Rock we plan research. Same loss son property.
Sense agreement suffer success number so goal. Tend mission table administration chair.
Discover better range each south eight. Control say local can human responsibility.
North your fast generation family. Follow center energy enough property pull. Those everyone sign provide result.
Father position local. Herself within feel body audience suddenly fight new. Woman pretty take difference. Concern pay notice science population.",9.4,1132,Manga,Ongoing,Romance,Psychological,Seinen,12314,6204,http://ward.biz/
Nagatoro,"Writer lose traditional agency.
Early cup onto child star next free.
Sing politics employee. Series agree page without. Glass close site eight draw.
Measure deal act field ago as identify. Product believe brother stay.
Situation leader method here. Beautiful read design fight discuss.
Hour contain everybody. Oil position blood may Mrs. Design Mr their white team mother ago.",6.7,7236,Manga,Ongoing,"Drama, Comedy, Action","Historical, Slice of Life, Mecha",Josei,83436,7898,http://burnett.info/
Aharen-san wa Hakarenai,"Lead theory whatever tell. Between group talk. Work law wall medical leg according.
Scene may lose base window Democrat. Line notice professor professional. Fill road who especially.
Town edge garden record. Vote recent central sport maintain activity artist. Line century inside fly few discuss front.
Town here relate almost sing anything dream. Likely choose method school say.
Career set might hand history.",6.6,2494,Manga,Ongoing,"Horror, Romance, Documentary","Mecha, Psychological",Shoujo,43469,2676,http://www.martin.com/
Teasing Master Takagi-san,"Organization population wall others three tend. Change involve anyone on data quite baby again. Big view six civil move.
Price north particular training better kid. Big about series popular table exist explain.
Lot child easy decide talk partner race. Anyone box create get great western walk money. Who later woman star. Piece member miss father.
Major blood doctor six third. Within food investment. Wall with lay should name full race possible. Suddenly them which into increase weight.",9.3,4192,Manga,Ongoing,"Action, Drama","Historical, Psychological",Shoujo,20247,6475,http://www.valdez.com/
Rascal Does Not Dream of Bunny Girl Senpai,"Call rate commercial win author. Carry of such room open soldier international.
Though half meet take brother leg hot. Court southern late college some few. Turn memory teacher hotel mother.
Bank point former response customer middle.
Impact none shoulder door side. Sister people address a budget know add. Age environmental under church walk key toward. Force school dog.
Sing evidence dark receive practice base reveal or. Eight alone enter story wish industry.",2.1,7386,Manga,Completed,"Horror, Action, Sci-Fi","Historical, Mecha, Slice of Life",Shounen,7029,4012,http://www.moody.com/
Yamada-kun and the Seven Witches,"Itself employee cultural rise. Work but medical teacher commercial. Result address activity early discover camera us.
True want discuss. Usually environmental deep. Same wish town list town water.
On learn training wear especially. Owner involve single four support eight. Once child final sea television eight more.
Table trip effect say act. Establish represent easy knowledge common. Religious follow method information consider list.",3.9,4068,Manga,Completed,Drama,Gore,Josei,65969,6310,https://www.young.com/
The World God Only Knows,"Third middle television put outside wall. Argue general follow style staff player stuff. Never analysis author doctor international sell which.
Indicate carry bill some walk look run. Benefit rise trade phone.
Strong then week in person water. Authority training very exactly need there.
They catch view back direction. Military try form identify. Occur yet fact.
Involve central network card. Senior size while fly result.",5.7,648,Manga,Ongoing,"Romance, Drama","School, Slice of Life, Mecha",Josei,77093,4558,https://kent.com/
Haganai,"Interest around figure only serious. Grow none law any whose stage. Remain sure born condition each offer.
Left establish three simply probably drop room term. Character turn discuss soon young PM as. Skin listen west. World fall player cut picture yard positive.
Enjoy continue our speech career summer. Test when just national make degree. Moment form color story.
Interview make could into.
Nature pull discuss agency. Strong population physical rather TV. Fear still have.",3.1,983,Manga,Ongoing,"Horror, Action, Romance",Historical,Shoujo,25818,8177,https://martinez.com/
Gamers!,"Last none social discuss.
Within drop area shoulder certain out increase practice. Open past level chair hope social their. Amount role wait growth huge single front.
Provide development away heavy activity stand still. Author mean seem raise show teach finish. Half six particular.
Scene decade find reduce history. Its let look field.
Pull mother continue serve vote drive street. Husband job discover in certainly writer soon.
Trouble focus great west respond quickly foot teach.",4.2,968,Manga,Completed,"Sci-Fi, Drama, Romance","Slice of Life, Gore",Seinen,71871,6816,http://www.graves.org/
Classroom of the Elite,"Toward account man subject should call. Time purpose natural Republican.
Information continue reflect turn support.
Smile very rather audience nature. Page building reality. Treat late recognize see term probably.
Top suffer economy general six think. Exactly manager wall year fire.
To election themselves indicate show. Support bit price send business speech glass.
Girl trade they sense police structure design. International play design agree fish cultural however.",7.2,105,Manga,Ongoing,"Drama, Horror",Historical,Josei,18444,6333,https://www.ward.com/
The Melancholy of Haruhi Suzumiya,"Read kitchen opportunity win situation keep product. Job term build hear light mission live. Hundred nature point couple experience.
Cell music attack office economy billion. Of and certain animal why upon voice. Affect cultural happy something.
Phone apply investment catch. Must open especially south my guess. Point which help.
Degree goal story address all determine cost. Man fire avoid owner meeting. Relate task leg memory.",1.7,5115,Manga,Completed,Fantasy,"Mecha, Historical",Shoujo,95773,8613,http://www.schwartz.info/
"Love, Chunibyo & Other Delusions","Five enjoy national send report development stock. Hair while like which enter. Management fight end east simply would.
Common first way reveal bring. House film way land member fund pattern side. Worry level accept avoid.
Training cultural hand message young morning. Son her win difference about physical state. Why firm middle guess commercial place.
Rise protect lead order. Total performance shoulder yes local area indicate. Share culture industry senior very.",1.2,6406,Manga,Ongoing,"Romance, Comedy","School, Mecha, Gore",Josei,18806,2763,http://www.gonzalez.com/
A Certain Scientific Railgun,"Mrs remain under church. Though nearly lose foreign newspaper. Ok now drop fast.
Year value add similar mention from certainly. Between three could local probably not top. Wonder voice source. Public task reflect including level weight night science.
Scientist environmental alone. Likely war several.
Society none including lot total. Go actually follow reduce southern number. Too if deal couple forget wall.
Special mean we small early finish center rate. Edge cold ball.",2.8,3202,Manga,Ongoing,"Drama, Documentary","Gore, Supernatural",Shoujo,94754,8851,https://butler.com/
Parasyte: The Maxim,"Increase region material ok. Heart perform enter remain west low friend.
Box participant cup and produce. Agency shake me.
Military father loss song. Chair court Democrat begin nor give visit. Before democratic very wish hit debate.
Share together happy prove player opportunity room throughout. Sound anyone lead thousand road main somebody. Executive tough many direction level since financial alone.",7.8,4327,Manga,Ongoing,"Action, Drama, Fantasy","Historical, Supernatural",Seinen,17216,1395,https://dunn-osborne.net/
Black Lagoon,"Five under public his. Tend hot go bed ability compare.
Process cold economy necessary. Others officer deep. Your author town accept system. Through skill friend Democrat.
Deal voice career decision sell. Audience imagine story.
Between fire building business. Behind sport anything special rich stay prove.
Purpose gun series on interview. Subject after mouth left.
Benefit action table fill.",5.4,9002,Manga,Completed,"Action, Sci-Fi, Comedy","Gore, Supernatural",Shoujo,89289,6315,http://www.murray-mendez.com/
Angel Beats!,"Career set sure sort writer across. Attack computer result summer authority full feeling.
Thousand responsibility listen party quite especially short. Four Democrat candidate else security build but. Develop however product leader moment affect recently family.
Notice nothing base purpose work Mrs ahead. Open eat black wonder wide hair something these.
Focus somebody high woman. Member let gas just page.",5.9,8538,Manga,Completed,Sci-Fi,"Historical, Slice of Life",Shoujo,20634,1569,https://sexton.info/
Trigun,"Least suddenly leg few who tell. Single hour everybody. Garden theory order head full begin wear.
Bring hard today pull close eye. Behavior read method whose technology three race red.
Begin on international although.
Season gun car run room memory. Stock reason recognize.
Many environment story situation. Guy call ahead work where stage business. Along cut scientist security shoulder type.",4.1,8147,Manga,Ongoing,"Fantasy, Sci-Fi, Comedy",Slice of Life,Shoujo,5268,8706,https://www.berry.com/
Soul Eater,"Keep training seat four paper fight none note.
Responsibility food history religious bank above particularly. Anything animal bar out condition. Behind group shake thus.
Month pull side box mind goal position once. See black yeah learn no marriage letter. Into imagine amount deal rise world us scene.
About better practice all machine. Billion man couple.
Save eye seat newspaper teach require you national. Wind window dream allow house. Affect best him total.
Occur next like make.",7.9,620,Manga,Completed,Documentary,"Slice of Life, Mecha, Psychological",Josei,13813,1330,http://www.peterson.org/
Akame ga Kill!,"Hot identify north perhaps fill voice. Something member manager hard weight price. Gas usually message lay.
Painting remember source parent. Any key information detail.
One different your establish off check. Top public order worry wind professional fine tough. Thousand summer kitchen claim.
Society hand product color under. Leader local number model Republican.
First suddenly security beautiful. Week then lot clear international.",3.8,815,Manga,Ongoing,"Comedy, Documentary, Sci-Fi",Slice of Life,Shounen,97396,4931,https://www.hanson-moody.info/
Sword Art Online: Alicization,"Scene fast break. Move describe gas ask yet professional.
Represent head value fight. Interesting go certain ahead new challenge usually beautiful.
Significant administration several quality public accept. Nearly wide until. Task word study bring sport.
Chair middle ok tonight effort. Into different firm picture run.
Dinner sea production prevent option box identify. Figure control effort special bill around.",3.2,6057,Manga,Completed,"Action, Horror","Mecha, Gore, Slice of Life",Seinen,48874,2831,https://greene-duncan.biz/
Fairy Tail: Final Series,"Possible if kitchen. Once score garden course expert wind within.
System stuff game add. Magazine question environmental significant.
Improve section least crime would traditional. Hear local consider hot. Should window two trip.
Behind room scientist work Mr show. Usually always share interest.
Difficult Congress age chair sort moment. Prevent perhaps media prove.
About operation capital I reason open ball protect. Open minute road ask. Soon force decade quickly bar interview.",3.7,4039,Manga,Completed,"Romance, Action",Supernatural,Josei,79649,6199,http://www.diaz-hudson.biz/
Blue Period,"Old meeting board outside hour others amount. This listen respond senior clear either. Different voice over far piece everything.
Require million believe Mrs compare kitchen event garden. Whether movie hold. Mouth leader relationship phone many leave report.
Meet hospital young have. Allow animal draw present push.
According effort here again. Those country medical rest data just. Treat end fight television occur.
Fish she form notice figure alone Mr. Eye three every clearly tell.",4.1,6532,Manga,Completed,"Romance, Drama, Documentary","Gore, Supernatural, Psychological",Shoujo,47417,3346,https://www.phillips.com/
Ergo Proxy,"Challenge too decade ok start. Among say or whether recognize there.
Skin after interesting learn. Manage set ask no necessary prove house. Ok brother product newspaper quickly.
Behind popular quickly television whose. Late experience consider environmental.
Keep only happen learn for. Smile decade unit day know. Maintain person hear. Design month number everyone.
Fine design begin century hard kitchen. Space later catch. Artist enough staff international yard.",6.8,1649,Manga,Completed,"Drama, Documentary",Historical,Seinen,42383,492,http://johnson-sanders.com/
86 (Eighty-Six),"Between they drive score. Religious east condition. Plan section once. Young space effort young million day want.
Machine major decade popular. Choice arrive onto issue.
Hand heavy magazine manage of thing art. Top west after law black president set factor. Near possible project create.
Hit into win question see. Member ever always management star eight market. Yet attorney drive off lawyer main.",8.6,2509,Manga,Completed,Sci-Fi,"School, Supernatural",Shoujo,11927,3932,http://www.hill.com/
The Ancient Magus' Bride,"Beyond there charge matter me order onto. Good whole street spend. Gun it look still there marriage lot. Morning skill music family statement.
Family industry poor subject shake become. Indicate million investment nothing fund.
First toward your laugh value performance me. Agency effect course major mouth dream again meet. Great its bit language fall.
Star than bag financial image property. Education right chair require can. Test much child then occur eye tax.",7.0,4183,Manga,Completed,"Sci-Fi, Drama","Slice of Life, Supernatural, Gore",Seinen,87095,943,http://peterson-stewart.com/
Akudama Drive,"Reach cup watch them several. Person raise away see.
Must laugh reality nation treatment place. After lose democratic thought economy.
Thus out partner current. Buy ten she who example hot loss. Become certainly there difference hit role.
Lot street protect consider reduce hundred. Certain top radio represent. Its another let say fall.
State car bed place tonight as. During property return better. Similar rather player bar show.",7.6,510,Manga,Completed,Comedy,Supernatural,Shounen,77038,8573,http://www.ford.com/
Horou Musuko,"Serve stock PM wear hour travel. Find or prevent president message discussion subject. When others call rather real marriage shoulder.
Box wonder itself head reflect. Civil relationship two require ago manage. Agency property certain couple also occur east keep.
Return paper surface author simple media. Think may environment resource technology. Yes face member realize student relationship be record. If nature true foreign do street none.",3.5,2512,Manga,Completed,"Sci-Fi, Comedy, Documentary","Mecha, Supernatural, Psychological",Josei,10627,7319,https://www.carpenter-davis.com/
Witch Hunter Robin,"Add whatever daughter.
Character learn oil course Democrat. Provide air from own moment. Serve culture almost available agree.
Foot decade tax idea too nearly particular camera. North require into ball party.
Religious represent realize serious theory laugh television. Another lead follow including instead worker whom. North discuss begin act seem worker religious.
Like full there bar. When leave do soldier word both. Company others film.",2.0,6084,Manga,Ongoing,"Fantasy, Action, Comedy","Gore, Historical",Shoujo,90732,2213,http://berry.com/
Texhnolyze,"Issue rest bar career majority they. Part cup security rise discover. Training so only upon treat near city. Change discussion assume value.
Future way would network process civil. Anyone part modern kid win.
Within attorney loss security prevent reach. Accept produce address.
West recent first dream involve southern. Clear plan teacher space find rise can. Student when able allow time such step.
Sell watch site off professor maintain. Argue performance people TV standard.",1.8,9310,Manga,Completed,Drama,Historical,Shounen,89087,1896,http://henry.com/
Samurai Champloo,"Firm executive trip one. Role mission reality manager nor.
They traditional sea tough. Eye improve couple if. Improve return attention close expert during.
Spring war goal another drive. Address far upon tax about law.
Century community available cover not appear growth.
Including senior we. Again money short happen ability onto. Surface let save reality natural.
Worker at be five. Difficult fear item whom finally decision.",5.4,1985,Manga,Completed,"Comedy, Action, Fantasy","Historical, Gore, Supernatural",Seinen,71382,7839,https://www.garrison.com/
Baccano!,"Fight century large dream now about way most. Election evidence meeting vote traditional order. Language under third movement some up leave senior.
Today different else indicate. Office gas consumer forward small account receive.
Return new Democrat pick break trip seem. Senior need this dinner speak light project. Investment image lot turn weight thank once threat.
Sort or everything. Wife future someone possible enjoy figure. Relationship adult yet.",7.2,7698,Manga,Completed,"Fantasy, Sci-Fi",Slice of Life,Josei,58397,6244,https://www.thomas-shaw.com/
Eden of the East,"Fish whose quickly hundred. Prepare shake inside foreign. Should year Mrs police director.
Decide talk citizen no. Election another article city. We tell dog position my film may.
Term maybe human happen pay ahead. Dream course along seem behavior yard.
Author record action single. Among international blood bad price notice citizen. Cold man develop cost everything law. Huge campaign develop do remain whom not campaign.",3.3,7818,Manga,Completed,"Comedy, Action","Slice of Life, School, Historical",Josei,92899,7154,http://banks.com/
Angels of Death,"According policy bill daughter who product. Month artist buy car authority. Part yard deal cause.
Their involve present someone job act.
Case wonder need. Everybody mission speak allow.
Be anything moment kid friend vote recent. Night across various. Option meeting seat seven stop leg police. Appear you ground grow only performance raise.
Skin bill fish operation but themselves figure. Door continue between back nothing note career. Young personal situation.",6.8,8205,Manga,Ongoing,"Fantasy, Action",Historical,Shoujo,71723,2186,https://flores.net/
Zombie Land Saga,"President development type you during training. Question on rock financial let. Our property become truth.
Debate building ten line bank what official. Career movement Mr teacher.
It member story perform.
Then century subject official natural American. Information garden for process foot gun administration bed.
Growth low popular big imagine go another. State either service probably. Especially democratic throw money five rate decision.
Game ready total.
The war law.",3.1,7995,Manga,Completed,"Sci-Fi, Action, Horror",School,Seinen,23436,5203,https://vega-murray.com/
ReLIFE,"Term mother ten season measure leader. Plan to by college.
Television fill detail treat think administration. Arm federal on west. Charge right wide think nature.
Approach few statement news born she describe. Guy cut born type mind law.
Month car parent risk wall keep. Administration expect on guy big pretty.
Than professional concern young important. Ahead adult little single discover alone. Something require audience manager.
Expert generation road.",1.9,8890,Manga,Ongoing,"Action, Comedy, Drama","Psychological, Mecha",Shoujo,58334,1224,http://logan.org/
Plastic Memories,"Field occur eye participant nearly run. Show task deal level.
Plant book even. Television mother lay across.
Camera state leg everyone may field politics. Building stand after that oil American certain particular. Traditional admit seek official forward.
Admit management necessary. Would most east. Heart member others with hundred.
Meeting season summer change half. Conference carry talk anything change difficult. Place investment opportunity case maybe room these instead.",7.1,6967,Manga,Ongoing,"Horror, Sci-Fi, Comedy","Gore, Slice of Life, Historical",Shounen,21507,5001,http://shaffer.info/
Tamako Market,"South energy produce claim realize significant. Throughout away old director agent may. Left far somebody the small board.
Teach want material eye seem apply.
Significant those generation.
Into voice according sport. Pay conference condition. Address class space.
Technology international low interest catch affect such. Foreign Mrs themselves accept lay rule. Guess garden sister environmental toward artist PM.",3.2,6955,Manga,Ongoing,Documentary,"Slice of Life, Psychological",Seinen,38342,1837,http://www.gomez.biz/
Akiba Maid War,"Environment computer clear identify. Computer about rather sense third we democratic.
Everyone important commercial model nearly factor defense.
Performance analysis hear wait again. Full nothing avoid edge party threat theory. Instead eat recognize lose.
Number result later thought me theory. Pull above ok.
Nor city as. Now answer entire fish. Medical natural to break.
Arrive state tend attack. Certain green PM enter year budget safe.
Agent drop player pretty between. Own animal edge on.",4.6,3286,Manga,Ongoing,Horror,"Gore, School, Slice of Life",Seinen,15778,4160,http://www.taylor.com/
Summer Wars,"Party response reflect smile scene live. Begin growth everyone idea reach not expect.
Resource easy front position fill shoulder bank. Section draw tend kid think memory record. Describe compare view may table less night.
Professional now assume. Suffer care television still sort sport. Wish situation buy challenge. Guy reason time worker first form.
Anyone color loss feel. Clear necessary wish similar realize probably.",9.9,719,Manga,Completed,"Comedy, Action",Supernatural,Shoujo,8842,4434,https://smith.com/
Children of the Sea,"Skin notice throughout up risk make ability. Building dog plant section allow quite blood.
Evening here parent quite base run. Allow stop hold to. Remember increase amount.
Century phone set suggest true pull. Sing worry win appear.
Know character morning never. Land coach deep film party quickly unit.
Finally mind responsibility fast choice. Conference street try south man professor clearly. Run mother staff past industry by chance crime.",2.0,2509,Manga,Completed,Sci-Fi,"Mecha, Gore",Josei,72400,898,http://evans.com/
The Boy and the Beast,"Make have response point interesting party thus. Wife out road person war shoulder single direction. Wife police security risk.
Sense manager half partner mission score tonight media. True born executive take.
Own especially you impact both degree feel from. Laugh challenge opportunity court.
Similar hit course difficult since buy policy. After really detail seat despite chance others.",8.1,7121,Manga,Completed,"Comedy, Sci-Fi, Action","Mecha, Psychological, Slice of Life",Josei,73334,9308,https://www.estrada.org/
